sizes	flex_filter_forward	flex_filter_backward	const_filter_forward	const_filter_backward
121	0.0320418	0.00200248	0.0179982	0.0380039	0.0099957	0.0360019
114	0.0249999	0.00100017	0.022999	0.027	0.00200152	0.0269959
132	0.0369999	0.00199771	0.0390048	0.0479968	0.00500154	0.0470016
153	0.0190032	0.000999689	0.0199969	0.0200033	0.00200152	0.0209975
134	0.0419998	0.00300455	0.0379939	0.0849991	0.0379999	0.0839992
173	0.0349994	0.00200248	0.0339987	0.0370042	0.00199962	0.0370016
173	0.0229998	0.0010004	0.0250051	0.0269985	0.00200105	0.0219982
100	0.0160024	0.000997543	0.0169985	0.0169969	0.00100088	0.017
161	0.0339966	0.00200152	0.0360022	0.0339994	0.00200105	0.0349994
194	0.0319998	0.00200248	0.032999	0.0329988	0.0019989	0.0309989
169	0.0289972	0.00200295	0.0299976	0.0260026	0.000999689	0.0259972
186	0.0269988	0.00199795	0.0270009	0.0260007	0.00300026	0.0269995
156	0.0309985	0.00300121	0.0289996	0.0289972	0.00200081	0.0300007
183	0.035001	0.00200081	0.0389974	0.0369997	0.00200057	0.0369997
187	0.0449977	0.00200057	0.0399983	0.073	0.0240047	0.0689998
221	0.0270014	0.00199986	0.0280006	0.0299993	0.00200057	0.0300019
205	0.0280008	0.00200081	0.0249991	0.0449991	0.0160017	0.0459976
149	0.0389984	0.00200343	0.0369968	0.0529995	0.0110009	0.0519996
239	0.03	0.00200033	0.0309973	0.0310004	0.00200105	0.0289979
167	0.0199997	0.0010016	0.0210001	0.0179985	0.00200057	0.0170016
185	0.0510006	0.00199866	0.047004	0.0500016	0.000998259	0.0430017
225	0.0389962	0.00200009	0.038301	0.0809979	0.0340037	0.0729976
207	0.0279975	0.00200438	0.0290055	0.0260003	0.00200081	0.0220015
215	0.0379977	0.00200105	0.0389991	0.0530002	0.0129986	0.0500011
201	0.0220037	0.00200033	0.0229971	0.0210006	0.00100136	0.019002
155	0.0500004	0.00199771	0.0489993	0.0417969	0.00199842	0.043999
210	0.0429935	0.00200343	0.0410023	0.0819986	0.0340006	0.0749996
213	0.0979962	0.00200129	0.100002	0.101001	0.00399923	0.0970013
261	0.0559971	0.00299978	0.0550005	0.0579953	0.00200033	0.0559988
263	0.0469997	0.00200629	0.0449946	0.0440006	0.00300169	0.0470014
234	0.0530028	0.00199795	0.0529995	0.0509984	0.00199986	0.0530002
206	0.0450037	0.00199986	0.0449967	0.075001	0.0329995	0.0709989
235	0.0620005	0.00200057	0.0630054	0.0549974	0.002002	0.0689981
265	0.0683222	0.00200009	0.0610054	0.0640049	0.00499868	0.0699975
291	0.085	0.0019989	0.0830004	0.186	0.111001	0.173736
286	0.0280023	0.00300002	0.0289979	0.0399997	0.00799942	0.0350008
189	0.052001	0.0019989	0.0490005	0.0500023	0.00599813	0.0550001
237	0.0720007	0.00200152	0.0709984	0.118999	0.0400007	0.112
299	0.0520003	0.00199819	0.0589991	0.0579991	0.00199914	0.0579989
192	0.0410011	0.00199986	0.0410008	0.0679994	0.0210049	0.0669968
231	0.0600016	0.00199938	0.060003	0.129997	0.0730033	0.126997
244	0.0559988	0.00200081	0.0499992	0.0509973	0.00300097	0.0480003
231	0.0440001	0.00199866	0.0420017	0.0440006	0.00200558	0.0490007
178	0.0559962	0.00200129	0.0529997	0.0549991	0.00200057	0.0499997
203	0.0649979	0.00200033	0.0620003	0.0589995	0.00200081	0.0590003
265	0.0550001	0.00200105	0.0569983	0.155999	0.0939999	0.146001
263	0.0440006	0.00200057	0.0450006	0.0640018	0.00900006	0.0609989
288	0.058002	0.00299931	0.057997	0.0580029	0.00299954	0.0579956
245	0.0720043	0.00299668	0.0700006	0.141999	0.0650022	0.131997
241	0.114997	0.00200105	0.112002	0.178001	0.0650003	0.185387
295	0.075999	0.00300121	0.0750024	0.178001	0.162004	0.190006
258	0.130002	0.00100064	0.123999	0.247999	0.111999	0.206004
370	0.0930021	0.00299907	0.0959988	0.0949986	0.0030005	0.101
284	0.0849974	0.00200105	0.0879998	0.078001	0.00200081	0.0840037
317	0.0729964	0.00300026	0.0741286	0.0910015	0.0119984	0.0799985
282	0.083003	0.00199771	0.0819998	0.082998	0.00299954	0.0829988
284	0.117046	0.00300407	0.122994	0.257994	0.192002	0.262999
323	0.126998	0.00200534	0.126998	0.179999	0.0479991	0.171001
297	0.135997	0.00300241	0.140001	0.187999	0.0370014	0.193996
340	0.0639997	0.0030005	0.0650079	0.0670009	0.00400186	0.0670002
239	0.0629971	0.002002	0.0580001	0.0879989	0.0200031	0.0959976
262	0.0749991	0.00199819	0.0719993	0.0990005	0.0130007	0.099
290	0.13	0.00299931	0.128	0.185997	0.0430043	0.197997
293	0.104002	0.00199819	0.0999987	0.143998	0.0440035	0.137995
317	0.112	0.00200081	0.111998	0.153001	0.0200002	0.143002
320	0.145001	0.00200033	0.127561	0.153997	0.00300074	0.146001
367	0.0780001	0.00300121	0.0809996	0.090996	0.00300074	0.0890038
224	0.0829968	0.00200081	0.0809991	0.0930042	0.00199723	0.0889988
295	0.0850008	0.00300288	0.0869956	0.231999	0.164001	0.24
291	0.134	0.00300074	0.147008	0.341004	0.284996	0.320005
325	0.157	0.00300097	0.154006	0.176997	0.00300002	0.172003
339	0.111003	0.00299931	0.104998	0.123997	0.00300479	0.119
307	0.102998	0.00299859	0.0970056	0.140996	0.0270011	0.136999
286	0.163995	0.00300264	0.165001	0.337003	0.234998	0.322997
388	0.12	0.00200033	0.122002	0.305997	0.283001	0.307999
264	0.131998	0.00200295	0.131997	0.134999	0.00300288	0.125
332	0.153005	0.00300074	0.147995	0.229998	0.125001	0.249
341	0.0960028	0.0030005	0.0890012	0.146001	0.0810018	0.158
319	0.0599949	0.00200129	0.0590005	0.0639997	0.0059998	0.062001
262	0.0810056	0.00299788	0.0779982	0.0890026	0.00300288	0.0829954
283	0.117001	0.00300431	0.10999	0.120002	0.00299978	0.119003
368	0.158997	0.00300121	0.155	0.263999	0.139004	0.250044
359	0.151999	0.00500607	0.159995	0.325001	0.309	0.342999
358	0.0660057	0.00300312	0.060991	0.0769987	0.00300074	0.0659988
239	0.100998	0.00300336	0.100998	0.103998	0.00400138	0.105998
302	0.131	0.00200105	0.121999	0.289	0.192002	0.278999
352	0.126	0.00200105	0.129999	0.229002	0.0780008	0.213988
325	0.138	0.00299978	0.135	0.152997	0.00300574	0.147996
321	0.188003	0.00200224	0.174999	0.182993	0.00300074	0.179999
344	0.123999	0.00300074	0.125999	0.118998	0.00300026	0.123003
336	0.0779991	0.00400877	0.0829909	0.0809991	0.00300336	0.0849974
287	0.0649993	0.00200224	0.0679979	0.0760019	0.00200534	0.0730014
277	0.136001	0.00199986	0.127998	0.199	0.036998	0.172
363	0.0900009	0.00200009	0.0909984	0.098001	0.00200057	0.0900033
328	0.164999	0.00200081	0.152262	0.164	0.00299954	0.172
432	0.124002	0.00300145	0.132015	0.185002	0.0750086	0.178994
290	0.118001	0.00200462	0.124996	0.122999	0.00200081	0.118002
390	0.318999	0.00299835	0.325033	0.315996	0.00199962	0.317004
487	0.172015	0.00399971	0.19	0.175	0.00399923	0.194
336	0.172997	0.00299859	0.163649	0.234998	0.0640028	0.221999
410	0.223	0.0030005	0.213001	0.198	0.00299859	0.202002
356	0.154998	0.00200129	0.152997	0.196	0.0560026	0.192998
394	0.144	0.00299835	0.140003	0.321	0.278001	0.322001
337	0.113996	0.00300026	0.119999	0.111998	0.00300097	0.127001
337	0.152998	0.00300336	0.162067	0.164002	0.00300002	0.174999
412	0.270002	0.00199986	0.264001	0.589999	0.589	0.594
419	0.251995	0.00300217	0.273999	0.273999	0.002002	0.258999
429	0.164032	0.00399947	0.169001	0.161001	0.00400233	0.16849
337	0.0970032	0.00299883	0.0969965	0.0880041	0.00199699	0.0929973
294	0.142999	0.00300264	0.135055	0.151999	0.00200248	0.142998
397	0.186996	0.00300264	0.191997	0.240999	0.0440025	0.236998
412	0.171996	0.0030005	0.170001	0.174998	0.00300002	0.178999
480	0.274995	0.00200152	0.27406	0.273	0.0030005	0.275005
411	0.155	0.00299978	0.163999	0.273995	0.181003	0.278998
405	0.112996	0.00300074	0.109005	0.202001	0.117001	0.204999
354	0.101004	0.0039978	0.100998	0.121998	0.00300288	0.115995
315	0.143948	0.00500274	0.148995	0.209005	0.0809963	0.212003
426	0.195998	0.00400543	0.187995	0.215001	0.0109994	0.204998
402	0.136	0.00300217	0.141	0.157004	0.00300026	0.159
363	0.154996	0.00300384	0.159997	0.356999	0.261999	0.348
369	0.103999	0.00300145	0.106041	0.109004	0.00299811	0.108001
347	0.151	0.00300169	0.155997	0.172995	0.00300312	0.144998
410	0.206001	0.00300312	0.219	0.175	0.00300026	0.201999
398	0.218997	0.00400305	0.218996	0.275011	0.0973651	0.284019
477	0.215997	0.00200009	0.226005	0.23859	0.00299764	0.215001
394	0.136072	0.00299835	0.138003	0.129	0.00199938	0.14
410	0.104001	0.00299764	0.107	0.101002	0.00399828	0.0980008
335	0.118	0.00300002	0.114	0.109	0.00300241	0.108999
391	0.225001	0.00300217	0.223997	0.227004	0.00299621	0.226
450	0.253186	0.00200129	0.245002	0.464999	0.376001	0.483045
463	0.339	0.00499964	0.338999	0.666016	0.60055	0.730998
538	0.198	0.00400233	0.196374	0.230002	0.00399876	0.227001
386	0.0730004	0.00299883	0.0800052	0.068996	0.00300097	0.0749998
311	0.128017	0.00299978	0.127001	0.131002	0.00300026	0.120998
415	0.154088	0.00300097	0.154019	0.351004	0.304998	0.342997
215	0.0279965	0.0010035	0.027997	0.0459998	0.0100014	0.0399997
225	0.0210083	0.00100136	0.0169981	0.0209997	0.0010004	0.0180013
258	0.0239983	0.00100017	0.0220006	0.0209975	0.00100183	0.0210075
273	0.033	0.00200009	0.0369999	0.0389986	0.00200129	0.0410006
281	0.0289981	0.00200057	0.0309999	0.0649967	0.0270035	0.0639997
325	0.0199997	0.00200105	0.0189993	0.0429988	0.0210013	0.0429997
249	0.0339983	0.00200081	0.0339992	0.0619998	0.0219994	0.0600042
254	0.022001	0.00200105	0.0229979	0.0240002	0.00300145	0.0259979
332	0.0330031	0.00199866	0.0360005	0.0310001	0.00200081	0.0319993
339	0.0639994	0.00200129	0.0640125	0.065001	0.00199842	0.0650015
340	0.0240092	0.00299335	0.023998	0.0240002	0.00200009	0.023001
321	0.0330009	0.00199962	0.0320513	0.0349998	0.00199866	0.0340028
323	0.0479977	0.00199914	0.0470004	0.0479996	0.00200343	0.0459976
348	0.0640004	0.00300074	0.0649986	0.0790026	0.0189991	0.0899985
385	0.0299997	0.00200081	0.0300021	0.0290017	0.00100017	0.0259979
408	0.0250003	0.00199819	0.0240026	0.0209963	0.00200057	0.0199976
335	0.0265124	0.00199819	0.0270014	0.0239997	0.00200057	0.0239992
370	0.022994	0.00200105	0.0255208	0.033	0.00500011	0.0320015
390	0.0420041	0.00199866	0.0409968	0.0859969	0.0510008	0.0860026
342	0.0509958	0.00100088	0.0470042	0.0469978	0.00100064	0.0480008
386	0.0400007	0.00200176	0.0419996	0.0710011	0.023998	0.0620003
412	0.0519984	0.00200081	0.0529997	0.0489993	0.0019989	0.0499997
411	0.0389991	0.00200295	0.036001	0.0339973	0.00200415	0.0379961
399	0.0309985	0.00200081	0.0300014	0.0330119	0.00399804	0.0330012
343	0.0310018	0.00200224	0.0299954	0.0319967	0.00500011	0.0390015
339	0.0470009	0.00099802	0.0479991	0.0449982	0.00200009	0.046999
403	0.0750027	0.00199914	0.0779953	0.0759981	0.00200081	0.0790007
426	0.0849972	0.00200152	0.0810168	0.120005	0.0369959	0.127999
498	0.0569987	0.00200391	0.058996	0.130003	0.0820003	0.139001
472	0.0450034	0.00299692	0.0479994	0.058002	0.00300193	0.0519996
410	0.0450048	0.00199986	0.0459957	0.0470011	0.00200009	0.049
421	0.0479989	0.00200129	0.043999	0.0459976	0.00200033	0.0449998
472	0.0559983	0.00200009	0.0530009	0.0990012	0.054003	0.121994
528	0.0770009	0.00199986	0.0790026	0.0819988	0.00199723	0.0790007
541	0.0339975	0.00200152	0.0319986	0.069001	0.0320013	0.067997
458	0.0520198	0.00199914	0.0489988	0.109002	0.0579989	0.113996
401	0.0439987	0.00100088	0.0530021	0.0899971	0.0350037	0.0860202
508	0.0540001	0.00200081	0.0469999	0.0489984	0.0030005	0.0500014
463	0.0499976	0.00200248	0.047997	0.0510032	0.00299788	0.0489974
403	0.0450008	0.0019989	0.0480003	0.0499952	0.00200486	0.0499957
445	0.0380023	0.00199866	0.038996	0.043	0.00200009	0.0429997
453	0.0290012	0.00199962	0.0290015	0.0519979	0.0210006	0.0490041
381	0.0420105	0.00200105	0.0439994	0.0410042	0.00199986	0.0399964
351	0.0670025	0.000999689	0.0640004	0.0719998	0.00199914	0.0719981
439	0.0559967	0.00200033	0.0589995	0.0709989	0.012001	0.0730019
494	0.0919993	0.00199962	0.0930014	0.199999	0.132004	0.204001
529	0.0615199	0.00299883	0.0700057	0.0690019	0.00200319	0.0639994
503	0.0509973	0.00299931	0.0509992	0.0989976	0.0490036	0.0979962
450	0.108999	0.00200057	0.108	0.117999	0.00300097	0.108001
489	0.0760021	0.00199628	0.0729988	0.116	0.0379999	0.119001
517	0.175999	0.00200129	0.172999	0.165015	0.00200224	0.169999
583	0.0829978	0.00200367	0.0859981	0.0830004	0.00199938	0.0820029
611	0.116	0.00300431	0.111997	0.124002	0.010998	0.119007
561	0.0800009	0.00300002	0.0870013	0.0850058	0.00299573	0.0789983
563	0.0560012	0.00200057	0.056	0.0559969	0.00200224	0.0569983
529	0.0829973	0.00200176	0.0909977	0.128002	0.0300007	0.126997
559	0.0665336	0.00299859	0.0710008	0.0770001	0.0110006	0.0809999
572	0.123997	0.00200105	0.126001	0.122	0.00200105	0.123
590	0.0560005	0.00300121	0.0560024	0.0720005	0.0140014	0.072999
545	0.0989981	0.00400829	0.107994	0.0999999	0.00300121	0.0989981
476	0.0950019	0.00200057	0.0929976	0.0900002	0.00200057	0.0869997
518	0.0759938	0.00200105	0.0740008	0.0730009	0.00299621	0.0690131
531	0.112001	0.0030005	0.118001	0.115001	0.00199819	0.117003
566	0.165005	0.00200057	0.165993	0.157999	0.00200295	0.158004
593	0.222999	0.00299835	0.214001	0.221999	0.00199866	0.213523
637	0.0549977	0.00300479	0.0509982	0.114	0.0650012	0.113998
547	0.125001	0.00299978	0.126997	0.33	0.315002	0.354997
479	0.076998	0.00199842	0.0590012	0.0699987	0.00500083	0.0689998
544	0.159003	0.0029974	0.162173	0.327998	0.301	0.32
562	0.159002	0.00300026	0.152516	0.163999	0.00300431	0.146996
600	0.166004	0.00299907	0.167996	0.15205	0.00200105	0.157999
604	0.117993	0.00200248	0.113002	0.106999	0.00300074	0.111002
557	0.183996	0.00200272	0.185001	0.185001	0.00300097	0.179999
621	0.0619988	0.00300002	0.0629983	0.0719976	0.00699878	0.0740047
598	0.203001	0.00300002	0.207001	0.43455	0.450005	0.451995
553	0.113997	0.00200248	0.113	0.119998	0.00200129	0.112998
618	0.127063	0.00299954	0.138001	0.123	0.00300097	0.116
619	0.0959938	0.00300074	0.0960016	0.0849984	0.00300336	0.0919988
553	0.0760036	0.00299907	0.0719972	0.108	0.0470028	0.105001
509	0.122995	0.00200248	0.131999	0.112998	0.00200319	0.109996
612	0.173998	0.0030005	0.189999	0.348004	0.309	0.364004
680	0.102007	0.00299549	0.113999	0.123996	0.00300431	0.112998
664	0.0789936	0.00300193	0.0789986	0.220001	0.160999	0.220001
568	0.13299	0.00300193	0.128998	0.143001	0.00300026	0.129996
503	0.107996	0.00200129	0.106004	0.108005	0.00299859	0.112998
610	0.0930023	0.00299835	0.0909984	0.151997	0.0720031	0.146999
626	0.160997	0.00300121	0.15	0.198015	0.0340044	0.194999
593	0.149003	0.00299788	0.161999	0.161997	0.00300121	0.159002
602	0.120999	0.00200081	0.120999	0.148001	0.0230021	0.156999
631	0.105998	0.00300074	0.115	0.11301	0.00300217	0.109998
589	0.0899975	0.00300241	0.0859971	0.0839994	0.00200558	0.0849967
535	0.119518	0.00200033	0.110997	0.196031	0.114995	0.2
596	0.133998	0.00200009	0.143002	0.26401	0.16535	0.259998
651	0.163999	0.00300121	0.165997	0.138013	0.00399899	0.148001
712	0.0910039	0.00300097	0.0939977	0.181465	0.117984	0.181971
668	0.222995	0.00299954	0.217521	0.25602	0.0749941	0.260195
638	0.278003	0.00299668	0.283998	0.276002	0.00199699	0.256999
801	0.207515	0.00300097	0.191001	0.19	0.00299931	0.193001
763	0.308125	0.00499988	0.327001	0.31206	0.00400114	0.306998
695	0.115001	0.00200009	0.122997	0.124021	0.0019784	0.121005
692	0.221001	0.00299835	0.227	0.364002	0.235998	0.402
705	0.117999	0.00400066	0.114999	0.140991	0.00199747	0.122
672	0.121005	0.00299382	0.128004	0.142002	0.0129998	0.146
628	0.155003	0.00299931	0.154998	0.211	0.0530105	0.21399
701	0.219	0.00399947	0.225	0.253999	0.00299907	0.236999
753	0.180002	0.00299859	0.185052	0.223997	0.0390012	0.207999
775	0.133	0.00300217	0.131998	0.138999	0.0030005	0.121
707	0.109	0.00300288	0.112999	0.249001	0.152998	0.212001
592	0.166004	0.00199866	0.169999	0.343	0.252002	0.338995
646	0.114003	0.00299954	0.128003	0.175001	0.048002	0.184814
755	0.27208	0.00199986	0.258001	0.274996	0.00299978	0.285001
842	0.215997	0.00300336	0.227995	0.246	0.0160012	0.241001
809	0.231004	0.0039959	0.232006	0.232001	0.00399971	0.230996
763	0.167998	0.00300002	0.162	0.179	0.0200028	0.178521
719	0.112005	0.00299621	0.110997	0.113001	0.00400519	0.111992
626	0.17	0.0030005	0.167	0.174002	0.00300193	0.177999
698	0.113001	0.00299931	0.106999	0.115997	0.00299978	0.118017
771	0.172556	0.00300121	0.175994	0.185516	0.00300097	0.180999
717	0.166002	0.0030005	0.167998	0.172	0.00300431	0.170996
680	0.126004	0.00299931	0.125995	0.132998	0.00300431	0.126996
684	0.137998	0.00300479	0.144995	0.173003	0.027998	0.172002
710	0.188003	0.00300169	0.188996	0.194	0.00400329	0.186998
747	0.204996	0.00300121	0.199001	0.207	0.00300336	0.196998
815	0.183002	0.0030005	0.170996	0.368007	0.320996	0.364001
804	0.220001	0.00399876	0.224003	0.383997	0.250002	0.370997
766	0.110997	0.00400257	0.110017	0.117999	0.0030005	0.108001
700	0.118999	0.00300384	0.125994	0.124002	0.00299859	0.123999
692	0.155	0.002002	0.158998	0.169045	0.00599813	0.159998
778	0.187001	0.00299788	0.184	0.192	0.00299954	0.202999
843	0.301584	0.00299811	0.301	0.783002	0.811999	0.780997
905	0.177001	0.00300455	0.192995	0.202995	0.00400209	0.189999
857	0.152001	0.00399947	0.152999	0.414006	2.92202	0.418998
668	0.187004	0.0019989	0.180002	0.183001	0.00400066	0.173999
688	0.142995	0.00300264	0.145	0.236	0.120999	0.224002
311	0.0389991	0.00200033	0.0390029	0.0369978	0.00200105	0.0399997
343	0.0470033	0.00200057	0.0489955	0.0459998	0.0019989	0.0460002
367	0.0679972	0.00200057	0.0619993	0.0629992	0.00200057	0.0640032
402	0.0729988	0.00200081	0.0729992	0.069	0.00199866	0.074002
418	0.039	0.00199914	0.040998	0.0399992	0.00200081	0.0400035
386	0.0619998	0.00200248	0.0629969	0.0700016	0.00500202	0.0679994
380	0.0599971	0.00200105	0.0540028	0.0590026	0.00199962	0.0539978
413	0.0440009	0.00200081	0.0459979	0.0450006	0.00200081	0.0429983
459	0.101997	0.00200081	0.0970004	0.113002	0.00200081	0.0989995
480	0.0470066	0.00299501	0.0499997	0.0500004	0.00199938	0.0480027
464	0.0809979	0.0030005	0.0829978	0.0799987	0.00300169	0.0800009
474	0.085001	0.00199795	0.0840042	0.0899966	0.00300121	0.0850029
469	0.103	0.00299978	0.101998	0.106003	0.0019989	0.0979986
520	0.0380027	0.00200033	0.0379977	0.0420015	0.00300002	0.0419998
560	0.0440016	0.00300145	0.0429966	0.0469978	0.00300145	0.0409987
523	0.0810006	0.00300074	0.0760028	0.0860021	0.00299954	0.0830021
546	0.0470006	0.00200057	0.0469987	0.0459974	0.00300336	0.0459962
511	0.0511496	0.0030005	0.0519979	0.0499961	0.00200129	0.0500009
540	0.097997	0.00300097	0.091002	0.219208	0.163998	0.223999
524	0.0740006	0.00300097	0.0699983	0.0740025	0.00300169	0.0749962
555	0.076	0.0030005	0.0790012	0.0719988	0.00300002	0.0789979
593	0.0570002	0.00300002	0.0540025	0.0720003	0.0120008	0.0689981
579	0.0579958	0.00300026	0.0570018	0.0619988	0.00399947	0.0619996
524	0.0649984	0.0030005	0.0669992	0.112997	0.0499995	0.112999
518	0.0689998	0.00300074	0.0690002	0.0740001	0.00300169	0.0720086
515	0.126998	0.0040009	0.122101	0.131	0.002002	0.129999
587	0.104999	0.0030005	0.108999	0.255999	0.184003	0.249
632	0.0970032	0.00299859	0.0930035	0.0969977	0.00300097	0.109999
682	0.0889983	0.00400066	0.0849993	0.0930011	0.00599909	0.0919976
628	0.107516	0.00300193	0.104999	0.11	0.00400138	0.109999
608	0.100999	0.00300097	0.102001	0.165999	0.0670025	0.166004
641	0.107998	0.00299954	0.105999	0.166	0.0680017	0.174997
717	0.113069	0.00400043	0.112003	0.334001	0.237998	0.282004
753	0.0759959	0.00400043	0.0750003	0.0779996	0.00300384	0.0769949
699	0.0979998	0.00399899	0.103	0.101	0.00400114	0.0990043
649	0.0920944	0.00299644	0.100001	0.245999	0.188	0.248015
655	0.0740159	0.00299931	0.0769978	0.0830009	0.00299788	0.086004
648	0.0840003	0.00400281	0.0809965	0.0899975	0.00400114	0.0820012
658	0.103011	0.00400019	0.0970001	0.0940037	0.00399971	0.102997
596	0.0919971	0.00299931	0.0880044	0.0930021	0.00400424	0.0919986
643	0.0740483	0.00300384	0.0749953	0.0790026	0.00399899	0.0820017
590	0.0920064	0.00299883	0.090996	0.093004	0.00400043	0.0969985
542	0.127001	0.00400138	0.126997	0.130999	0.00300145	0.132997
566	0.100001	0.0030036	0.101	0.0950003	0.00200057	0.104038
646	0.150998	0.00499988	0.154	0.195002	0.0460043	0.223993
725	0.107998	0.0050025	0.101998	0.108	0.00400138	0.102996
722	0.104998	0.00400329	0.104996	0.109998	0.00500298	0.104998
687	0.204996	0.00400043	0.213002	0.465998	0.446002	0.445027
674	0.141998	0.00400162	0.140997	0.139998	0.0030005	0.143523
691	0.266001	0.00300026	0.253	0.269998	0.00300264	0.251997
797	0.146999	0.00400472	0.145996	0.249022	0.143001	0.284997
806	0.213001	0.00500178	0.214998	0.362999	0.210001	0.362996
847	0.205516	0.00499749	0.201001	0.210523	0.00500298	0.216999
779	0.118001	0.00399876	0.121002	0.118995	0.00400162	0.13
791	0.170014	0.00399899	0.163525	0.290999	0.146001	0.274999
778	0.167	0.0029974	0.154463	0.164	0.00399756	0.148998
787	0.198997	0.00400066	0.199002	0.203001	0.0040009	0.208998
833	0.119998	0.00400019	0.120997	0.315999	2.03654	0.336002
777	0.177	0.0040009	0.173	0.179003	0.00399852	0.182
744	0.172001	0.00400019	0.180003	0.488997	0.554003	0.494997
699	0.160002	0.00400162	0.156	0.349998	0.296001	0.371004
741	0.178001	0.00399947	0.180999	0.207001	0.0179996	0.216001
764	0.248003	0.00399685	0.254004	0.447998	0.320017	0.445997
793	0.361994	0.00400376	0.362999	0.354999	0.00300169	0.338999
853	0.128999	0.00500774	0.128994	0.111	0.00500178	0.126001
792	0.235999	0.0059998	0.224998	0.555	4.01557	0.56902
756	0.183994	0.00500393	0.194	0.204996	0.00400209	0.169996
709	0.236998	0.0030005	0.212999	0.230002	0.00499892	0.233
772	0.250001	0.00299954	0.253001	0.268	0.00400233	0.271997
799	0.292	0.00500083	0.291998	0.305	0.00400114	0.313999
820	0.219997	0.00399971	0.219	0.479001	0.432	0.456997
820	0.374999	0.00399971	0.367	0.955002	8.09263	1.042
848	0.130996	0.00399995	0.128002	0.404	0.304002	0.332997
815	0.288001	0.0230389	0.282	0.301877	0.00499821	0.299003
841	0.276997	0.00403261	0.273969	0.269998	0.00400043	0.277347
809	0.189992	0.00400209	0.194002	0.178999	0.00400233	0.188001
851	0.188999	0.0040009	0.196001	0.194999	0.00500226	0.201
812	0.140003	0.00499892	0.149998	0.381992	2.48403	0.388993
771	0.267	0.00499845	0.260004	0.532275	0.487002	0.545997
803	0.272003	0.00499868	0.278999	0.326517	0.00299907	0.273001
878	0.223997	0.00400019	0.222998	0.470999	2.6	0.462015
959	0.146518	0.00600243	0.153002	0.150997	0.00800037	0.148
845	0.202001	0.006001	0.196002	0.206	0.00700164	0.197998
793	0.230999	0.00399876	0.240484	0.373002	0.198998	0.375997
783	0.150022	0.00400019	0.143	0.164999	0.0140014	0.169998
865	0.251004	0.00399899	0.243156	0.355002	0.160999	0.357999
858	0.302033	0.00499916	0.305072	0.366001	0.00399685	0.308001
835	0.225013	0.00399923	0.234032	0.370079	0.199	0.368
853	0.191	0.0049994	0.191014	0.237	0.00400019	0.202
847	0.169033	0.004004	0.172159	0.358016	0.286001	0.365999
800	0.240022	0.00399756	0.23613	0.231001	0.00400043	0.246002
821	0.232001	0.00300121	0.223998	0.576998	4.32486	0.604001
848	0.265001	0.00499892	0.271002	0.274	0.00400233	0.267999
998	0.194991	0.00500393	0.211997	0.332522	0.172	0.320999
917	0.335003	0.00599623	0.345005	0.384001	0.0580018	0.394997
964	0.579046	0.00399899	0.579	0.562997	0.00299978	0.563
1000	0.29207	0.00499916	0.294998	0.291	0.00400066	0.283998
1033	0.430046	0.00500226	0.427	0.721015	0.515999	0.711
1052	0.256998	0.00600195	0.261051	0.276999	0.00500321	0.263
946	0.320001	0.00499892	0.330002	0.462999	0.168	0.438999
1001	0.243994	0.00500131	0.232998	0.238531	0.00399852	0.243001
941	0.224002	0.00600052	0.218997	0.268999	0.0549989	0.279002
928	0.348043	0.00499988	0.345	0.512517	0.298998	0.532
954	0.342059	0.00399518	0.352001	0.329997	0.00300097	0.343001
994	0.456998	0.00499964	0.449998	0.426	0.00299907	0.439
1074	0.262	0.0059998	0.274003	0.273007	0.00999403	0.264003
1020	0.218002	0.00600028	0.218998	0.223999	0.00599647	0.23
924	0.365004	0.00399804	0.342001	0.462002	0.172997	0.470999
900	0.298003	0.00399899	0.301996	0.312998	0.00399947	0.307
969	0.404001	0.00499701	0.421999	1.063	7.65503	1.011
1121	0.414241	0.00499392	0.404003	0.910001	5.57556	0.856531
1121	0.358979	0.00600314	0.357998	0.40301	0.00699139	0.386001
1109	0.296011	0.00700831	0.291996	0.674003	3.25907	0.606001
1032	0.175999	0.00500011	0.189001	0.322001	0.210001	0.317998
951	0.336002	0.00600028	0.335002	0.702001	4.27996	0.696577
971	0.257997	0.00500178	0.258002	0.263999	0.00500107	0.258
1018	0.253997	0.0050025	0.265999	0.247999	0.00500035	0.247
1035	0.307998	0.00600147	0.316001	0.547999	2.18	0.506
996	0.281996	0.00500441	0.292996	0.563997	3.39953	0.575999
956	0.311404	0.0050137	0.320041	0.307999	0.00500035	0.32
1008	0.316999	0.00500965	0.323045	0.651997	3.53119	0.65
1001	0.366	0.00499988	0.366629	0.414998	0.00800204	0.398996
1121	0.322003	0.00499701	0.315	0.331995	0.00600314	0.332999
1100	0.321678	0.00599813	0.326999	0.318997	0.00400186	0.322
1120	0.209002	0.00599694	0.223001	0.201001	0.00600004	0.219999
1017	0.264997	0.006001	0.271999	0.291	0.00499701	0.284002
1020	0.357366	0.00499463	0.363002	0.474	0.110001	0.440302
1048	0.308997	0.00500083	0.298001	0.302001	0.00500226	0.297997
1134	0.544997	0.00600219	0.555004	0.5341	0.00500083	0.533562
1218	0.339525	0.00599909	0.326001	0.326995	0.0059998	0.355001
1183	0.245002	0.00699854	0.255619	0.259998	0.00700331	0.275002
1084	0.375001	0.00599813	0.380002	0.404006	0.00699329	0.394
1000	0.289001	0.00399876	0.312003	0.311997	0.00900269	0.304041
423	0.0539982	0.00199938	0.0629997	0.0569997	0.00200224	0.0609999
436	0.0829978	0.00200295	0.0799983	0.0739987	0.00500035	0.073
489	0.0969996	0.00300026	0.100001	0.106003	0.00300002	0.106997
517	0.049999	0.00300145	0.0500035	0.0790019	0.0189993	0.0730002
470	0.0809996	0.00299859	0.0780582	0.0839975	0.00300074	0.085001
500	0.0840034	0.00200009	0.085999	0.0950027	0.00399733	0.0909998
524	0.0730007	0.00299954	0.0650022	0.0699978	0.00300097	0.0689983
535	0.116999	0.00300002	0.112001	0.119004	0.00300074	0.119001
587	0.0630009	0.0030005	0.0639997	0.0679967	0.0080049	0.0739968
590	0.111999	0.00400114	0.121001	0.111996	0.0040009	0.115
595	0.105001	0.00299764	0.109999	0.111001	0.00299978	0.104997
605	0.144015	0.00400043	0.145999	0.305995	0.179094	0.278995
628	0.0670016	0.00299931	0.0669987	0.0690064	0.00499916	0.0660021
693	0.0680027	0.00399828	0.0670002	0.0579941	0.00400066	0.0639999
664	0.160002	0.00400066	0.16	0.148	0.00400043	0.152003
708	0.0870001	0.00400376	0.0809958	0.0839975	0.00399756	0.0770018
675	0.0959983	0.0030005	0.0950024	0.0900002	0.0040009	0.0930014
656	0.129998	0.0040009	0.130003	0.137075	0.00800061	0.134001
706	0.110997	0.00400019	0.112998	0.310005	2.3	0.388002
681	0.109995	0.00400162	0.123999	0.366	2.177	0.342
724	0.0810015	0.00400114	0.0795145	0.0799999	0.00399876	0.082998
750	0.0789936	0.0040009	0.0800023	0.0740035	0.00499988	0.0779967
693	0.0959992	0.00400066	0.0939996	0.204004	0.0889995	0.170146
685	0.119001	0.00400043	0.117	0.124011	0.00299931	0.116167
685	0.147	0.00399995	0.151003	0.156018	0.00400162	0.153
688	0.157998	0.00299835	0.148999	0.361021	0.279915	0.326658
782	0.137002	0.00399709	0.148002	0.145062	0.00400615	0.148
805	0.109001	0.00399852	0.113001	0.184004	0.0710139	0.187001
827	0.154998	0.00500131	0.157	0.193037	0.0049994	0.171997
804	0.158999	0.00500107	0.161999	0.292	0.177002	0.276999
805	0.145003	0.00399828	0.142998	0.175999	0.00600481	0.163995
865	0.175	0.00500083	0.170002	0.282004	0.104999	0.262999
928	0.115	0.00500131	0.115	0.11317	0.00499845	0.118
890	0.162003	0.00599861	0.166	0.235	0.0629992	0.220999
873	0.151996	0.0060041	0.152998	0.154052	0.00500131	0.148998
887	0.111001	0.00500083	0.113002	0.306999	1.31987	0.270999
791	0.128	0.00400233	0.127998	0.126	0.00500059	0.131001
836	0.152001	0.00500345	0.146995	0.38112	2.05607	0.370999
832	0.131	0.00500083	0.130002	0.37505	1.863	0.324002
774	0.0949972	0.00400066	0.0959992	0.106316	0.00500321	0.0979939
756	0.131999	0.00500131	0.145999	0.145005	0.00399637	0.143
735	0.175992	0.00500083	0.168997	0.171001	0.00500059	0.17401
737	0.190998	0.00400066	0.191002	0.458998	0.38301	0.413994
759	0.226445	0.00499916	0.212998	0.225	0.0140004	0.220003
854	0.126001	0.00500274	0.126998	0.129001	0.00699949	0.134002
908	0.163995	0.0060041	0.170995	0.451995	2.764	0.487
888	0.254001	0.0050025	0.244001	0.269	0.00599909	0.253
880	0.197035	0.00500011	0.197	0.404999	0.309001	0.375001
860	0.304001	0.00500035	0.298102	0.334002	0.00499678	0.316998
952	0.215999	0.00500083	0.219001	0.506	2.867	0.508999
996	0.291001	0.0040009	0.302999	0.326003	0.011004	0.336995
1017	0.272053	0.0059967	0.288521	0.686001	4.188	0.655001
1031	0.189001	0.00699949	0.200005	0.457998	2.571	0.431
989	0.238	0.00600028	0.242002	0.232001	0.006001	0.232999
1021	0.282997	0.00600147	0.295081	0.459997	0.248004	0.460998
982	0.282999	0.00500011	0.299	0.593001	3.394	0.600998
1028	0.159997	0.00700116	0.164999	0.333999	1.599	0.334999
999	0.269003	0.0119987	0.252003	0.345002	0.151	0.342999
948	0.307002	0.00599861	0.30887	0.290999	0.00600505	0.294999
941	0.274999	0.00500083	0.278	0.271998	0.00500083	0.27
896	0.233021	0.00499916	0.244	0.230001	0.00499916	0.251001
948	0.308003	0.0079987	0.297031	0.310002	0.0049994	0.304999
970	0.459811	0.00500202	0.460056	1.249	8.707	1.133
1029	0.173004	0.00600052	0.193011	0.224996	0.00699997	0.190001
985	0.274033	0.00500178	0.275029	0.272	0.00699806	0.266
973	0.256019	0.0040009	0.257999	0.603998	3.435	0.564998
955	0.350039	0.006001	0.333201	0.623997	0.481003	0.628998
919	0.298036	0.00499797	0.308107	0.320997	0.00600052	0.314003
983	0.337204	0.00599599	0.368002	0.463001	0.180005	0.457995
989	0.287996	0.00599957	0.288001	0.285001	0.00599933	0.270001
1011	0.514999	0.00700116	0.512002	1.024	0.962002	0.999002
1063	0.181995	0.00600052	0.192	0.225999	0.0159998	0.188002
1024	0.401006	0.00599623	0.394001	0.710998	0.629002	0.717
1031	0.356732	0.00600004	0.37881	0.806998	5.64	0.799
1051	0.297012	0.00700283	0.286016	0.327998	0.0140009	0.292999
1024	0.252003	0.00599957	0.247217	0.246	0.00600028	0.243002
1009	0.197003	0.00699568	0.195003	0.415003	2.355	0.430998
1007	0.36204	0.00600123	0.354015	0.544002	0.320998	0.544
1030	0.361015	0.006001	0.366051	0.374999	0.00399947	0.371001
1038	0.314996	0.00600195	0.319998	0.311002	0.0079999	0.304999
1132	0.208996	0.00700259	0.222997	0.322001	0.136001	0.322999
1114	0.316003	0.00699949	0.324004	0.286	0.00700021	0.307
1052	0.336999	0.00700068	0.340052	0.334997	0.0160003	0.343003
1040	0.253998	0.00599837	0.263	0.263999	0.00399947	0.275003
1017	0.294085	0.00499773	0.294209	0.311998	0.00699997	0.302999
1072	0.413998	0.00600219	0.407999	0.683001	0.414997	0.654002
1066	0.304993	0.00600004	0.310028	0.322998	0.0059998	0.306
1063	0.257997	0.00500321	0.26807	0.613999	3.47	0.592997
1048	0.233999	0.00699854	0.235	0.260999	0.00700068	0.261998
1035	0.37113	0.00599051	0.378999	0.373998	0.00700283	0.380999
1049	0.307851	0.00519133	0.322001	0.304	0.00500107	0.311998
1047	0.435999	0.0070014	0.451325	0.427	0.00600004	0.416999
1172	0.248997	0.00700188	0.263	0.239002	0.00499868	0.243001
1172	0.456998	0.00799847	0.429999	0.440999	0.0070014	0.437999
1184	0.733016	0.0049994	0.737047	1.112	0.654998	1.1
1265	0.395003	0.00599933	0.397998	0.838999	5.246	0.847999
1207	0.562001	0.00899792	0.573277	0.591	0.00900292	0.565996
1291	0.405531	0.00799537	0.401999	0.605002	0.252998	0.562999
1271	0.578828	0.00900555	0.599995	0.895997	4.502	0.914995
1220	0.379999	0.00800133	0.387	0.688997	3.785	0.706996
1210	0.405996	0.00599694	0.396	0.768003	4.15	0.756995
1168	0.467516	0.00600052	0.463	0.894	4.439	0.854997
1208	0.496	0.00700355	0.497049	0.527998	0.00999832	0.511003
1219	0.575003	0.0079987	0.570611	0.575996	0.00799966	0.571
1265	0.334	0.00799584	0.343001	0.317002	0.00799751	0.343003
1283	0.275002	0.00899792	0.281001	0.565998	2.7	0.535997
1207	0.532414	0.00799918	0.537004	1.025	6.453	1.073
1182	0.480003	0.00699925	0.494523	0.504998	0.00700402	0.486
1187	0.595996	0.00600076	0.601332	0.605001	0.0219977	0.622
1296	0.611958	0.00700116	0.610526	0.628003	0.00799847	0.634998
1360	0.518002	0.00999856	0.514541	0.912001	4.339	0.901001
1384	0.419543	0.0100045	0.4178	0.440998	0.00999975	0.438
1330	0.309	0.00699902	0.323046	0.321002	0.0100009	0.328994
1248	0.503997	0.00900245	0.509	0.483999	0.00700235	0.496003
1253	0.433532	0.00899935	0.427003	0.421	0.006001	0.416998
1257	0.334997	0.0080018	0.331	0.319	0.010998	0.320004
1260	0.378999	0.00599861	0.389004	0.374995	0.0090003	0.390001
1279	0.434365	0.00902081	0.443555	0.708997	0.455001	0.665
1228	0.487025	0.00800037	0.475024	1.005	6.227	1.015
1234	0.458028	0.00601649	0.473997	0.491	0.00900412	0.466997
1273	0.525273	0.00800061	0.531082	0.527002	0.00800085	0.530999
1340	0.441046	0.00900126	0.457001	0.429	0.00800061	0.431
1370	0.473129	0.0100005	0.474547	0.729996	0.446	0.717001
1392	0.315003	0.00999856	0.315999	0.317998	0.0130022	0.319998
1342	0.397001	0.00900126	0.395997	0.392998	0.00900126	0.407002
1299	0.556055	0.00800204	0.565003	0.573002	0.00800109	0.566999
1330	0.546002	0.00699902	0.549999	0.551	0.00800085	0.547002
1382	0.669452	0.00900865	0.676991	0.669998	0.00700212	0.677
1469	0.455017	0.0100017	0.457013	0.423999	0.0100017	0.441
1465	0.372	0.0110013	0.384001	0.591998	2.14901	0.558994
1381	0.560001	0.0109951	0.544999	0.589998	0.011004	0.571996
1362	0.460565	0.00900006	0.479001	0.624997	0.185001	0.607
508	0.111048	0.0030005	0.114998	0.369003	0.438999	0.363996
548	0.119999	0.00299907	0.118	0.116997	0.00300288	0.110998
587	0.0619986	0.00399971	0.0660021	0.150999	0.0909984	0.144002
565	0.105	0.00400114	0.112	0.114	0.004004	0.114997
573	0.124001	0.00300145	0.125999	0.112992	0.00400066	0.117002
629	0.0950022	0.00399733	0.100004	0.134996	0.0210011	0.120002
633	0.154005	0.00399566	0.159003	0.158996	0.00400019	0.153999
654	0.0810041	0.00399637	0.0807621	0.0810018	0.00399899	0.0820007
691	0.132002	0.00399756	0.131	0.130998	0.00399971	0.139999
705	0.13	0.00400257	0.129998	0.144999	0.00500154	0.160003
717	0.196003	0.00399542	0.183	0.556003	3.965	0.522005
749	0.114001	0.00399899	0.108997	0.126001	0.00499964	0.114999
789	0.0840061	0.00499654	0.0789981	0.26	1.35701	0.240992
784	0.183524	0.00526881	0.184998	0.188005	0.00600052	0.188996
825	0.114006	0.00600338	0.113995	0.115996	0.00600457	0.112001
824	0.145001	0.00600171	0.146997	0.142004	0.00600123	0.146995
804	0.176999	0.0110006	0.170002	0.174001	0.00500059	0.182997
809	0.151002	0.00500011	0.146996	0.366001	0.275043	0.344957
850	0.188999	0.00500369	0.182996	0.419	2.417	0.476997
838	0.105003	0.00500298	0.112995	0.111	0.00500154	0.112
874	0.111997	0.00900245	0.104999	0.186998	0.0810046	0.164997
858	0.144003	0.00599957	0.138999	0.143996	0.00701141	0.15199
845	0.139997	0.00500059	0.146066	0.140002	0.00499988	0.147
836	0.214998	0.00700235	0.205998	0.376001	0.198009	0.38599
850	0.191002	0.00500035	0.193	0.198997	0.0130026	0.193001
873	0.175067	0.00500154	0.178996	0.189001	0.00599909	0.191998
941	0.17	0.00599742	0.165	0.391002	1.784	0.343002
942	0.206004	0.00599957	0.198996	0.192999	0.00900245	0.193998
987	0.203999	0.00700927	0.214506	0.484003	3.147	0.517998
981	0.205997	0.0059998	0.214975	0.313003	0.127002	0.295995
1022	0.207	0.00600219	0.223997	0.224998	0.00700068	0.22
1059	0.134001	0.00700164	0.139998	0.133002	0.00599909	0.130998
1049	0.227997	0.00800252	0.214997	0.225001	0.00800157	0.218999
1044	0.211002	0.00799942	0.226999	0.419996	1.917	0.418999
1096	0.162517	0.00700068	0.176004	0.164998	0.00700021	0.152001
1006	0.178998	0.00800133	0.185	0.191999	0.0150025	0.187998
960	0.185998	0.00600219	0.197	0.378	1.886	0.397001
994	0.197	0.00699902	0.189003	0.38	1.83	0.367999
992	0.146001	0.00700045	0.148001	0.134001	0.00600147	0.136998
880	0.194008	0.00599456	0.197996	0.189998	0.00500274	0.178
887	0.242998	0.00599957	0.232999	0.246998	0.00799942	0.239
915	0.211	0.00599885	0.221	0.227001	0.00499916	0.220999
903	0.248002	0.00499725	0.248	0.327998	0.131998	0.339
953	0.150996	0.00600123	0.162999	0.152998	0.00500154	0.159001
1027	0.198004	0.0069983	0.207997	0.556003	3.386	0.501
1054	0.328	0.00700402	0.329999	0.428995	0.187001	0.430006
1071	0.247	0.00699997	0.251	0.273001	0.0069983	0.252003
1048	0.385001	0.00600433	0.381946	0.752995	3.524	0.704001
1111	0.260998	0.00700092	0.263996	0.264001	0.00600004	0.258
1138	0.360998	0.00800085	0.369671	0.410002	0.0460002	0.397999
1186	0.319	0.00900531	0.342247	0.322	0.00800061	0.316999
1182	0.258998	0.00899816	0.273001	0.274001	0.0269992	0.268002
1219	0.350001	0.00899839	0.348081	0.657	3.831	0.649
1200	0.356894	0.00799966	0.372006	0.357999	0.00899911	0.341002
1182	0.381063	0.00899839	0.386998	0.407997	0.0430002	0.384
1204	0.210003	0.00900006	0.208996	0.183997	0.00800109	0.201999
1184	0.278999	0.00899768	0.294003	0.293998	0.0279999	0.289
1150	0.400998	0.00900364	0.402997	0.369998	0.00800681	0.361992
1119	0.396999	0.00799847	0.394001	0.378	0.00800085	0.397998
1109	0.338685	0.00799489	0.355001	0.327997	0.00800085	0.311999
1088	0.407042	0.00799751	0.407007	0.476999	0.066	0.455002
1140	0.573887	0.0100007	0.676044	0.541999	0.00700593	0.545995
1176	0.247998	0.00899959	0.236022	0.532001	2.753	0.492001
1143	0.339944	0.00799894	0.331014	0.337	0.00800157	0.325995
1151	0.33603	0.0060029	0.326017	0.327999	0.00900435	0.340997
1151	0.475398	0.00799513	0.499065	0.476999	0.00699759	0.464
1135	0.42891	0.00699902	0.421378	0.389	0.00800061	0.385999
1112	0.453013	0.00700068	0.450002	0.440999	0.00500727	0.447996
1156	0.297431	0.00799894	0.338001	0.306998	0.0059998	0.321001
1165	0.649021	0.008991	0.691006	0.616	0.00800228	0.634
1225	0.258997	0.00899816	0.259003	0.234994	0.00900126	0.253
1226	0.481997	0.00800085	0.475002	0.473004	0.00999951	0.492996
1212	0.455997	0.00600147	0.47388	1.027	5.399	0.929002
1220	0.332997	0.00800014	0.344489	0.369001	0.0170009	0.359998
1235	0.326062	0.00799918	0.354001	0.337001	0.00900245	0.345995
1161	0.259002	0.00899744	0.251001	0.244001	0.0100002	0.253
1185	0.456069	0.00700283	0.465083	0.443002	0.00899863	0.457997
1236	0.435612	0.00800109	0.462268	0.423996	0.00900173	0.437001
1248	0.418044	0.00900507	0.437011	0.611997	0.325002	0.597001
1272	0.252011	0.00900269	0.268998	0.237996	0.00800204	0.263009
1269	0.366001	0.0109982	0.361002	0.686999	2.919	0.603001
1293	0.448003	0.00899625	0.453895	0.434	0.0099988	0.429
1275	0.326228	0.0090003	0.339001	0.455002	0.188999	0.488996
1241	0.406002	0.00799322	0.413	0.727002	4.221	0.751002
1209	0.487997	0.00900531	0.484056	0.474998	0.00600004	0.462999
1250	0.393995	0.00599957	0.399002	0.398	0.0100031	0.404997
1268	0.375995	0.00999737	0.391998	0.377994	0.00900149	0.377998
1237	0.291004	0.00999522	0.337003	0.276001	0.00600052	0.293999
1218	0.482994	0.00899911	0.474998	0.448001	0.0200012	0.471998
1254	0.425979	0.00600171	0.418997	0.769001	4.115	0.753999
1251	0.637002	0.00999713	0.634045	0.619998	0.00599957	0.631002
1334	0.309003	0.00899768	0.325998	0.319001	0.00799656	0.33
1340	0.555998	0.0100021	0.561019	0.559	0.00999951	0.568004
1406	0.915591	0.0100005	0.93401	0.913997	0.0100012	0.911999
1454	0.558	0.0110028	0.554994	0.855011	3.74499	0.877002
1453	0.708066	0.0119991	0.707002	1.365	5.799	1.17301
1440	0.485287	0.0100002	0.493001	0.490985	0.0120015	0.504011
1477	0.696053	0.0099988	0.710019	1.156	4.332	1.082
1492	0.444999	0.0119987	0.461128	0.470002	0.0120027	0.452997
1401	0.478127	0.0120003	0.499695	0.486994	0.0120056	0.483994
1398	0.657085	0.0110109	0.658999	0.744	0.0980008	0.754999
1419	0.642996	0.0100026	0.663997	0.656002	0.010998	0.670999
1447	0.731156	0.0100074	0.740511	0.840001	0.0619965	0.791999
1467	0.423999	0.0110028	0.432997	0.558001	0.240002	0.565
1454	0.325994	0.0120037	0.339997	0.342997	0.0130048	0.355998
1454	0.665071	0.013	0.708001	0.970998	0.646996	1.012
1432	0.632716	0.0119996	0.636062	0.795003	0.267997	0.753
1435	0.890998	0.00999999	0.870046	0.876997	0.0110037	0.873
1483	0.704001	0.00999975	0.713	0.718	0.00900364	0.713995
1503	0.601002	0.012001	0.606002	0.887999	3.627	0.878002
1589	0.511996	0.0129995	0.513072	0.783996	3.514	0.826999
1575	0.425003	0.0139985	0.434999	0.658998	2.694	0.672
1517	0.655007	0.0119922	0.648	0.642006	0.0129967	0.640998
1517	0.57	0.0120041	0.577999	0.841009	2.72999	0.788
1501	0.487593	0.0109992	0.498002	0.493996	0.0120003	0.492003
1483	0.472922	0.0110006	0.473998	0.463997	0.0120027	0.446997
1482	0.514376	0.0120001	0.514002	0.823998	3.644	0.803999
1481	0.636852	0.010998	0.657077	0.638998	0.0140011	0.658998
1473	0.607643	0.0120018	0.606999	1.01701	4.667	0.973997
1470	0.708577	0.0109994	0.704997	0.725998	0.0329998	0.734
1579	0.600023	0.0119994	0.600001	0.896999	0.627002	0.908
1569	0.585011	0.0130844	0.602762	0.84601	2.85099	0.802002
1628	0.401996	0.013998	0.389085	0.378999	0.0140009	0.390001
1590	0.536001	0.0139992	0.556003	0.857997	3.496	0.822002
1596	0.74959	0.0130007	0.759051	1.15099	0.737002	1.09
1566	0.784111	0.0129976	0.790248	1.17	4.682	1.175
1616	0.897073	0.0122643	0.907907	0.912002	0.0150006	0.959997
1690	0.529073	0.0140016	0.532059	0.819004	2.368	0.765
1693	0.433997	0.0160022	0.457998	0.558997	0.883001	0.577999
1635	0.667994	0.016001	0.677003	0.920002	3.44	0.942998
1623	0.605003	0.0159957	0.619999	0.601	0.0129979	0.597003
604	0.149059	0.00400376	0.160996	0.540999	2.51	0.510999
642	0.0830009	0.00599694	0.0820003	0.0950007	0.00500083	0.0859988
627	0.150999	0.00499988	0.14	0.125002	0.00499773	0.122999
657	0.145996	0.00400233	0.14	0.499	3.47809	0.469001
693	0.122997	0.00400257	0.113998	0.395	2.76395	0.388999
726	0.184031	0.00399876	0.200999	0.205002	0.00500035	0.197997
739	0.107002	0.0049994	0.112	0.240044	0.213006	0.291997
750	0.169004	0.00499749	0.161999	0.192994	0.00500441	0.169997
798	0.177065	0.0059998	0.174999	0.452	1.99354	0.413997
819	0.241531	0.00499582	0.258998	0.324435	0.151001	0.337
847	0.155001	0.00499797	0.162001	0.149998	0.00600004	0.162001
889	0.138519	0.00700164	0.108997	0.101	0.00600123	0.0950024
875	0.247003	0.00599957	0.254002	0.403997	0.249001	0.388524
937	0.134002	0.00599551	0.160001	0.169996	0.0430024	0.173998
930	0.208998	0.00699973	0.184994	0.176999	0.0120001	0.177
939	0.239519	0.0080018	0.24	0.20606	0.00600147	0.227998
943	0.199998	0.00600195	0.212998	0.396997	2.05532	0.414371
943	0.253003	0.0070045	0.24999	0.477002	2.787	0.480997
980	0.141001	0.00699997	0.148998	0.120069	0.00699949	0.13
977	0.127	0.00899959	0.129002	0.225004	0.0869963	0.199999
974	0.197001	0.0069983	0.185999	0.292046	0.159999	0.304999
995	0.181997	0.00700068	0.184	0.177001	0.00599957	0.182
988	0.277004	0.00699401	0.278017	0.27445	0.00600147	0.270998
988	0.232997	0.00700307	0.235998	0.645006	4.34018	0.635504
1023	0.204001	0.00700212	0.203997	0.21	0.00700092	0.198999
1021	0.183001	0.00699854	0.188	0.192999	0.00700045	0.196
1058	0.234	0.00799966	0.235001	0.399026	1.53146	0.402001
1095	0.270006	0.00799823	0.274029	0.595997	3.84451	0.583997
1153	0.291994	0.00800276	0.299001	0.422491	0.217002	0.417999
1179	0.271001	0.00900006	0.273998	0.271002	0.00699854	0.250025
1203	0.162	0.00900102	0.167998	0.313998	1.132	0.302999
1171	0.266998	0.00900292	0.262998	0.237002	0.00899959	0.247
1192	0.297008	0.00899506	0.323002	0.286998	0.00800014	0.294001
1250	0.220998	0.00900316	0.221999	0.319062	0.928026	0.330002
1202	0.262522	0.0110025	0.257995	0.376999	0.217	0.394062
1158	0.241997	0.00700116	0.260998	0.232998	0.0090003	0.241001
1110	0.214172	0.00699902	0.219	0.225001	0.0099988	0.208189
1141	0.16458	0.00900006	0.184999	0.156003	0.00799799	0.159
1085	0.236	0.00800061	0.237001	0.242998	0.0140002	0.22028
998	0.293517	0.00700092	0.295005	0.312012	0.00700259	0.315
1051	0.253002	0.00699973	0.256002	0.333996	0.129001	0.335997
1072	0.313002	0.00700116	0.308657	0.357996	0.0430019	0.338
1082	0.207002	0.00799918	0.205516	0.371001	1.843	0.390999
1121	0.242527	0.0079987	0.251001	0.210375	0.00800347	0.219996
1165	0.424996	0.00900006	0.429536	0.703357	3.78659	0.68319
1218	0.298002	0.00899792	0.323999	0.482037	2.13013	0.493998
1220	0.528001	0.00899625	0.517887	0.845044	4.171	0.860001
1278	0.334999	0.00899863	0.325999	0.331996	0.0100002	0.340068
1284	0.395997	0.00899982	0.415	0.39	0.00900078	0.415062
1309	0.365001	0.00700045	0.367001	0.689999	3.053	0.646047
1342	0.290003	0.0109982	0.303003	0.286	0.0130002	0.284061
1355	0.416786	0.00999975	0.419013	0.402999	0.00999904	0.408063
1408	0.418038	0.0110004	0.424243	0.414005	0.0109985	0.421996
1346	0.482565	0.0110064	0.493431	0.461109	0.0110028	0.470997
1388	0.248996	0.0110028	0.258001	0.422017	1.77848	0.425001
1348	0.330017	0.0109973	0.331002	0.327999	0.0110006	0.332998
1332	0.450769	0.0140011	0.474999	0.456064	0.0100009	0.463998
1297	0.458043	0.0100012	0.466	0.672761	0.359998	0.652043
1257	0.383	0.00899696	0.386	0.422987	0.0699997	0.437
1278	0.467115	0.00999928	0.476042	0.477259	0.00799942	0.475
1257	0.595081	0.00900006	0.611035	1.34263	8.65306	1.28463
1327	0.277822	0.0110006	0.285166	0.291	0.00900006	0.266004
1277	0.369018	0.0110004	0.371114	0.347999	0.0100038	0.355184
1295	0.398554	0.0100024	0.405011	0.361001	0.00999951	0.383003
1311	0.522999	0.00699973	0.52202	0.519008	0.00800252	0.520459
1305	0.491083	0.0100012	0.497999	0.935996	4.5451	0.880286
1310	0.529921	0.00699878	0.545	0.673055	0.20451	0.657996
1263	0.345998	0.00999975	0.344003	0.341939	0.00999999	0.361997
1322	0.694998	0.0100014	0.716895	0.702315	0.0100007	0.719998
1352	0.292999	0.0100005	0.308998	0.271	0.0119994	0.288999
1379	0.562998	0.0130031	0.578002	0.669866	0.215998	0.666
1398	0.588995	0.012002	0.597013	0.572999	0.0109997	0.573998
1377	0.392994	0.011003	0.400963	0.380002	0.0110018	0.385327
1393	0.373997	0.0119975	0.368004	0.519	0.184001	0.496105
1352	0.330999	0.0119994	0.354998	0.351997	0.0120022	0.361999
1327	0.546211	0.0100048	0.524996	0.958999	4.47737	0.900999
1396	0.518006	0.0109932	0.552001	0.545002	0.0109978	0.527001
1440	0.603991	0.0120001	0.611971	0.956997	3.69629	0.901318
1453	0.32	0.0119994	0.311001	0.580996	2.781	0.569047
1398	0.441334	0.0129941	0.431999	0.431	0.0120008	0.427
1435	0.501992	0.0140002	0.495448	0.479002	0.0119994	0.491999
1495	0.433997	0.0130002	0.409999	0.407997	0.0120046	0.41749
1455	0.524	0.0110035	0.515996	0.485	0.0109992	0.512037
1407	0.568053	0.0120075	0.585909	0.839002	2.9841	0.808537
1378	0.448517	0.0120008	0.471	0.695	3.13103	0.744999
1430	0.435001	0.011996	0.430003	0.652069	2.65399	0.649493
1415	0.382001	0.0160615	0.396017	0.626999	2.934	0.644998
1394	0.537	0.0110009	0.548668	0.836353	2.9891	0.820957
1417	0.497998	0.0110047	0.502999	0.652915	0.247	0.660997
1432	0.703014	0.0110006	0.731132	0.687005	0.0119965	0.685911
1500	0.409	0.0109994	0.438998	0.694996	3.08901	0.716997
1482	0.696997	0.0129964	0.702004	0.759	0.0160003	0.685
1548	1.15304	0.0120006	1.11	1.626	5.48102	1.62104
1650	0.633	0.0139973	0.620002	0.670016	0.0160007	0.624296
1612	0.753	0.0140004	0.764092	1.33952	5.86952	1.28399
1658	0.618998	0.0150003	0.649001	0.828003	0.369997	0.848002
1612	0.759996	0.015002	0.763997	0.784002	0.0149987	0.777996
1673	0.510997	0.0150003	0.537023	0.781	2.99259	0.78805
1655	0.607	0.0159993	0.621	0.641999	0.018002	0.63604
1569	0.785	0.0100017	0.80605	1.088	3.04045	1.04905
1616	0.76505	0.0140011	0.790003	0.771918	0.0140002	0.791004
1636	0.893998	0.0130029	0.877054	0.889884	0.0149984	0.886999
1668	0.523	0.0140007	0.518	0.942053	4.37604	0.926999
1632	0.394	0.0150015	0.417069	0.444997	0.0260017	0.429998
1616	0.729	0.0150011	0.741046	1.27213	6.58902	1.26306
1656	0.71507	0.0149975	0.724004	1.19604	6.23062	1.19904
1662	1.083	0.0230033	1.09304	1.0821	0.0150015	1.09603
1683	0.853	0.0140004	0.850121	1.55308	8.15289	1.48189
1675	0.695003	0.0159962	0.719027	1.02505	3.58708	1.031
1716	0.548	0.0150003	0.557047	0.561069	0.0170054	0.559994
1764	0.483998	0.0169985	0.501011	0.682515	0.336999	0.66
1740	0.823	0.0170002	0.828072	0.968069	0.338134	1.012
1758	0.73205	0.0160003	0.732076	0.768063	0.016	0.758065
1732	0.596057	0.0159943	0.612108	1.04519	4.75513	1.021
1691	0.506997	0.0150006	0.523	0.548312	0.0150023	0.535001
1687	0.603195	0.0149968	0.614002	0.981387	3.43518	0.983014
1670	0.743049	0.0160007	0.729997	0.736996	0.0150008	0.717446
1697	0.704045	0.0139995	0.733049	0.723314	0.0149996	0.728005
1691	0.872997	0.0150008	0.885062	1.28412	3.8837	1.22904
1748	0.686998	0.0140007	0.72102	1.11824	5.08493	1.10612
1773	0.759001	0.0159943	0.756999	0.742002	0.0189979	0.724
1803	0.474998	0.016999	0.472031	0.449049	0.0160012	0.466998
1809	0.687005	0.0179932	0.716998	0.651043	0.0180001	0.665
1814	0.893994	0.0169988	0.92203	1.18104	0.389995	1.12598
1833	1.08527	0.0170002	1.13508	1.45828	4.97347	1.48598
1819	1.10006	0.0159931	1.083	1.07107	0.017	1.073
1890	0.622077	0.0179968	0.62877	0.596998	0.0170002	0.603005
1896	0.497074	0.0190017	0.507002	0.50408	0.0189776	0.521998
1849	0.770004	0.0190008	0.817004	0.782998	0.0190036	0.800996
1855	0.731996	0.0180013	0.735999	1.18837	4.98109	1.15304
690	0.081995	0.00500083	0.0819991	0.107	0.00500035	0.0930009
680	0.140006	0.00499892	0.155004	0.151999	0.0059998	0.147002
713	0.182998	0.00500059	0.18	0.478239	3.43901	0.489078
769	0.142002	0.00500226	0.141994	0.146	0.00499868	0.137004
786	0.216006	0.00499296	0.215002	0.213001	0.00500393	0.220998
823	0.132998	0.00500154	0.133999	0.133997	0.00600004	0.135441
826	0.175999	0.00500011	0.181004	0.434999	1.733	0.373
850	0.202995	0.00500107	0.201998	0.203998	0.0100009	0.204998
903	0.246004	0.011997	0.254209	0.517046	3.16035	0.545265
939	0.162002	0.00599813	0.180026	0.229002	0.0509987	0.238001
974	0.129	0.00699997	0.124002	0.124	0.00700021	0.122999
974	0.261006	0.00699401	0.266933	0.423998	0.224003	0.400033
1015	0.168002	0.00700164	0.177995	0.337996	1.34911	0.372062
1034	0.237001	0.00800252	0.243001	0.203998	0.00800109	0.217
1035	0.256999	0.00800037	0.268999	0.442505	0.315052	0.404969
1068	0.232	0.00800037	0.239006	0.222997	0.00800323	0.239998
1064	0.289	0.00699854	0.279004	0.591001	3.02502	0.538888
1062	0.156002	0.00800204	0.161998	0.162	0.0150006	0.154006
1115	0.15	0.00900173	0.153996	0.159997	0.0200009	0.162998
1071	0.224999	0.00900173	0.223997	0.346	0.148002	0.324998
1098	0.220999	0.00800061	0.229117	0.215998	0.00900078	0.228998
1130	0.317	0.00800133	0.324999	0.302003	0.00699997	0.313996
1122	0.287991	0.0139999	0.299999	0.696478	4.00019	0.64819
1144	0.220048	0.00800419	0.247994	0.259	0.0080018	0.243999
1160	0.221005	0.00800085	0.232065	0.259298	0.0169985	0.238001
1132	0.251997	0.00800085	0.254999	0.246303	0.00900173	0.250999
1203	0.304998	0.00900126	0.317998	0.335002	0.0159991	0.353018
1244	0.325006	0.00899482	0.342216	0.496002	1.552	0.498999
1325	0.333	0.0100045	0.332996	0.472	1.62202	0.501
1348	0.205995	0.0110023	0.219001	0.283	0.114001	0.289057
1305	0.285001	0.0110002	0.298	0.447	2.008	0.493
1306	0.316998	0.00999904	0.326999	0.523999	1.9283	0.526
1380	0.235997	0.0110004	0.263304	0.364962	0.191004	0.391063
1345	0.284	0.0119982	0.304002	0.280003	0.010999	0.279463
1334	0.313999	0.0110009	0.312005	0.294001	0.0140009	0.315998
1292	0.275995	0.00999999	0.272002	0.373025	0.113999	0.36203
1246	0.175999	0.0109997	0.188003	0.185	0.0110006	0.204002
1230	0.262	0.0100002	0.251002	0.534	2.167	0.469134
1194	0.346009	0.00699186	0.357084	0.349998	0.00800014	0.350998
1151	0.300992	0.00900126	0.319008	0.321021	0.00600004	0.311998
1201	0.354995	0.00800252	0.359001	0.703039	4.12535	0.686058
1236	0.242999	0.0100021	0.278001	0.271404	0.00800085	0.266003
1241	0.273997	0.0100009	0.286998	0.615369	3.38007	0.599
1253	0.416001	0.00899959	0.43	0.692997	3.242	0.689999
1310	0.335	0.0109997	0.336003	0.325998	0.00799942	0.329
1355	0.54905	0.0109959	0.557003	0.552572	0.0110006	0.563001
1423	0.389263	0.00999904	0.405	0.813	3.92806	0.740003
1431	0.434999	0.0110018	0.454001	0.705909	2.42241	0.721474
1447	0.428073	0.0110002	0.444279	0.433	0.0129983	0.429997
1454	0.383994	0.0130022	0.395999	0.340001	0.0119979	0.335002
1509	0.532	0.0119994	0.519	0.658064	0.235	0.653
1529	0.478	0.0130012	0.482002	0.547388	0.104002	0.541998
1541	0.577044	0.0139976	0.583997	0.617003	0.0879972	0.656025
1528	0.300009	0.0129912	0.292	0.289999	0.0129988	0.308006
1524	0.341	0.0130005	0.349	0.493003	0.958997	0.486998
1487	0.514999	0.0119998	0.525066	0.871999	4.44838	0.914998
1459	0.522002	0.0129983	0.552999	0.541003	0.013998	0.53513
1416	0.460999	0.0119982	0.46508	0.761001	3.189	0.847997
1420	0.520995	0.0120013	0.527999	0.669188	0.235005	0.694086
1426	0.711002	0.0119953	0.705002	0.841999	0.290001	0.85604
1437	0.305001	0.0119984	0.310003	0.476	1.82402	0.478999
1418	0.375005	0.0119951	0.394	0.619997	2.165	0.619049
1425	0.422997	0.012001	0.434998	0.418999	0.0120003	0.420002
1441	0.549994	0.0120032	0.591998	0.562999	0.0120006	0.555999
1458	0.560004	0.0129981	0.566997	0.542	0.0119998	0.560062
1462	0.612994	0.012002	0.609998	0.590064	0.0120032	0.606999
1443	0.450998	0.0120008	0.470999	0.504442	0.120999	0.523002
1424	0.743	0.0110002	0.756999	0.750999	0.0119998	0.748049
1495	0.329001	0.0119994	0.344	0.425	0.134002	0.436
1500	0.626	0.0130002	0.630004	0.622001	0.013	0.619002
1534	0.673	0.0139995	0.683998	1.09308	5.17439	1.07
1538	0.490994	0.0130017	0.492001	0.496997	0.0190008	0.503002
1543	0.427995	0.0140028	0.412997	0.40605	0.0129967	0.423002
1509	0.415007	0.0139985	0.443996	0.451002	0.0399961	0.453307
1495	0.639007	0.0129955	0.666997	0.638999	0.0140007	0.652998
1524	0.623999	0.0129983	0.603999	0.893999	0.472001	0.871999
1585	0.685996	0.0140004	0.704	0.683025	0.0270002	0.685002
1609	0.397524	0.0150042	0.390545	0.373002	0.0140038	0.373993
1566	0.472	0.0150006	0.476999	0.491165	0.022002	0.518998
1547	0.563998	0.0139985	0.571999	0.822003	3.038	0.826998
1628	0.472999	0.0150003	0.488	0.478386	0.014998	0.525999
1655	0.552	0.0150001	0.589005	0.595153	0.0179963	0.719001
1601	0.692002	0.014997	0.711008	1.265	6.09013	1.28401
1557	0.553998	0.0140016	0.56	0.818997	0.211002	0.682999
1547	0.471999	0.0130005	0.475999	0.450224	0.0139999	0.473003
1570	0.460005	0.0149953	0.497003	0.713053	2.408	0.707999
1553	0.642994	0.0140009	0.612999	0.638002	0.0139987	0.633999
1574	0.572992	0.013	0.609002	0.60901	0.0189991	0.601999
1575	0.783	0.0150034	0.820998	1.077	3.114	1.135
1671	0.467	0.0140007	0.460997	0.463052	0.0150008	0.462002
1636	0.746997	0.0139999	0.731002	0.719994	0.0150032	0.731044
1676	1.185	0.0150054	1.207	1.38905	0.389002	1.395
1769	0.688003	0.0159967	0.701	0.698925	0.0189977	0.701003
1791	0.890003	0.0179982	0.900998	0.886971	0.0180006	0.875001
1807	0.686998	0.0170012	0.697998	1.01808	3.02716	1.023
1807	0.881001	0.0180013	0.895997	1.197	3.2861	1.205
1796	0.550999	0.0170014	0.592999	0.846997	0.369998	0.825999
1827	0.733002	0.0190012	0.761999	0.684997	0.0180011	0.696106
1791	0.923004	0.018995	0.926006	1.52723	7.33947	1.489
1762	0.891	0.016001	0.913002	1.178	3.139	1.16013
1820	1.003	0.0189965	1.014	1.032	0.0170004	1.015
1834	0.604999	0.0170007	0.630006	0.623085	0.0230005	0.626996
1818	0.481999	0.0200005	0.479	0.463	0.0190034	0.472994
1773	0.798994	0.0170007	0.809006	1.062	0.396003	1.05399
1800	0.774998	0.0189998	0.802004	0.964077	0.368	0.963999
1864	1.212	0.0179994	1.237	1.529	0.581001	1.51308
1876	0.973001	0.0209987	0.965997	1.071	0.19312	1.08316
1856	0.832	0.0189993	0.834	0.827	0.0220006	0.866002
1869	0.629	0.0230012	0.632998	0.939004	3.71	0.957003
1882	0.526997	0.0199995	0.539997	0.548	0.0459998	0.567275
1915	0.925999	0.0220001	0.954005	0.989994	0.0860004	0.993003
1951	0.842	0.02	0.849001	0.886	0.0550034	0.896041
1944	0.712001	0.0189998	0.741	0.721	0.0210006	0.73104
1902	0.682001	0.0200005	0.657999	0.641002	0.0189986	0.646428
1890	0.709	0.0180006	0.743	0.708	0.0189979	0.721005
1858	0.804996	0.0190005	0.821	0.823999	0.018997	0.81555
1874	0.795009	0.0179923	0.841005	0.783996	0.0180008	0.795999
1889	0.998997	0.0190017	1.00601	1.51907	5.40812	1.48336
1936	0.782997	0.0180013	0.804002	1.08105	1.93	1.092
1925	0.843	0.0200045	0.850998	0.828087	0.0200019	0.844002
1977	0.529999	0.0209992	0.554001	0.75603	1.73801	0.746997
1969	0.734999	0.0210047	0.755996	0.944	2.084	0.942457
2011	1.035	0.0230005	1.049	1.09104	0.0410028	1.09
2021	1.223	0.023001	1.245	1.21423	0.0210025	1.227
2042	1.338	0.0209978	1.355	1.35705	0.0249989	1.334
2075	0.704001	0.0219984	0.726	0.900004	1.81	0.911001
2077	0.578	0.0240033	0.572	0.593999	0.0380013	0.584999
2037	0.865001	0.0239968	0.869	0.856001	0.0219996	0.854038
2047	0.794006	0.0229955	0.801998	1.20904	4.48405	1.21704
727	0.148996	0.00500083	0.165001	0.167003	0.00600076	0.158001
761	0.212	0.00400043	0.206	0.181994	0.00400114	0.189999
816	0.16	0.00500321	0.159	0.187003	0.0439982	0.193999
860	0.267996	0.00600004	0.245003	0.243004	0.00599623	0.239002
879	0.155998	0.00599933	0.155002	0.138998	0.00600147	0.147999
897	0.214995	0.00600028	0.215001	0.21	0.00700235	0.204998
925	0.221	0.00599718	0.226001	0.399	1.877	0.394002
948	0.288004	0.00699687	0.276002	0.301999	0.0230026	0.297996
1020	0.192999	0.0070014	0.204999	0.177996	0.00800514	0.201996
1062	0.150002	0.008003	0.145996	0.248001	0.658	0.24503
1054	0.303997	0.00799799	0.305	0.576999	3.312	0.639011
1108	0.170005	0.00799966	0.187994	0.276996	0.0280013	0.21901
1107	0.238998	0.00900698	0.260993	0.267001	0.00900149	0.256999
1126	0.253003	0.00900006	0.277002	0.551998	2.789	0.528999
1158	0.259003	0.00899768	0.258001	0.394052	0.185006	0.417994
1180	0.291996	0.00900054	0.302999	0.311234	0.00999808	0.312999
1170	0.163996	0.00900126	0.188	0.291001	0.116001	0.304
1191	0.179998	0.00900316	0.167995	0.287998	0.899999	0.312001
1204	0.265	0.0090003	0.263998	0.421002	1.81601	0.448998
1183	0.250997	0.00899982	0.243999	0.285998	0.0450001	0.300004
1219	0.351003	0.00699759	0.363005	0.666997	4.554	0.688026
1252	0.375001	0.00999594	0.395	0.752038	4.86	0.773999
1265	0.279997	0.00999999	0.288	0.262998	0.0100005	0.280999
1272	0.247004	0.0109966	0.273001	0.263021	0.0100021	0.257998
1260	0.297002	0.00999808	0.319003	0.280005	0.00999928	0.285997
1276	0.342998	0.00999761	0.335002	0.561	0.34705	0.546
1342	0.362997	0.0109997	0.363	0.555001	2.01071	0.605
1409	0.341	0.0110004	0.353002	0.463996	1.19901	0.45
1487	0.238	0.0130017	0.248004	0.335	0.753002	0.356001
1442	0.310001	0.0129995	0.307998	0.296003	0.0129972	0.304999
1434	0.367004	0.0119953	0.372004	0.378	0.0120001	0.383033
1482	0.282995	0.0130031	0.310003	0.282003	0.0130196	0.288999
1466	0.330993	0.0130014	0.340001	0.326	0.0140002	0.327003
1470	0.348997	0.0140018	0.368997	0.546999	1.436	0.524001
1457	0.317001	0.013999	0.326002	0.316996	0.0129988	0.325
1412	0.237998	0.018002	0.241004	0.339002	0.672995	0.360002
1332	0.271	0.0119998	0.295	0.272997	0.012001	0.277
1331	0.394002	0.0109992	0.407	0.540176	0.223004	0.553
1331	0.357999	0.0110018	0.368997	0.705998	4.10521	0.742999
1283	0.367005	0.00999665	0.360998	0.376	0.0110006	0.377
1356	0.286998	0.0110009	0.297	0.483047	0.299998	0.466
1377	0.304	0.0120001	0.319999	0.679002	4.2162	0.766507
1358	0.464002	0.0109973	0.496007	0.469	0.0129988	0.471005
1394	0.359	0.0110006	0.376003	0.356997	0.0119987	0.367
1444	0.620999	0.0130062	0.627996	0.614999	0.013001	0.622999
1545	0.441997	0.0130005	0.455	0.809998	3.289	0.765901
1561	0.494002	0.0129976	0.492999	0.914195	4.89111	0.892
1583	0.475996	0.0160005	0.480999	0.483	0.0150008	0.481
1580	0.39	0.0150027	0.414001	0.411	0.0170016	0.409998
1607	0.518001	0.0149972	0.532002	0.676002	0.964996	0.648999
1659	0.533	0.0180008	0.56201	0.610012	0.131988	0.625003
1655	0.620999	0.016	0.637	0.630004	0.015996	0.623001
1704	0.347996	0.0160007	0.353999	0.498031	1.044	0.493
1649	0.387995	0.0320003	0.412	0.510997	1.01145	0.529074
1658	0.573996	0.0170007	0.588999	0.884001	0.634999	0.897043
1600	0.573999	0.0160029	0.592998	0.857041	3.244	0.880953
1570	0.534005	0.0149953	0.543002	0.516	0.0160015	0.535999
1564	0.588001	0.013999	0.592004	1.12817	6.11461	1.09308
1562	0.738994	0.0140021	0.759003	0.772017	0.0159853	0.746997
1585	0.321994	0.0140035	0.343999	0.340025	0.0150003	0.352
1520	0.426	0.0140009	0.432005	0.446	0.0140007	0.447001
1560	0.462001	0.0149989	0.482998	0.481	0.0139976	0.496001
1563	0.659001	0.0140002	0.676999	1.11204	3.84111	1.064
1580	0.618001	0.0150008	0.636999	0.921	3.5269	0.889045
1601	0.664003	0.0149932	0.662	0.951003	3.52908	0.930999
1583	0.486001	0.0150003	0.516	0.508998	0.0150013	0.492234
1585	0.826997	0.0140007	0.854002	1.17904	0.602	1.16805
1591	0.341998	0.014003	0.353999	0.384999	0.0150003	0.382
1630	0.701996	0.0160043	0.702996	0.678045	0.0160007	0.687001
1640	0.742	0.0149996	0.734	0.702043	0.0150003	0.723057
1659	0.529	0.016001	0.556	0.523001	0.0149992	0.547
1684	0.457	0.0150006	0.468997	0.464	0.0150008	0.483005
1650	0.444	0.016001	0.463999	0.741998	2.328	0.677997
1633	0.689993	0.0150003	0.719002	0.950082	3.07308	0.983002
1669	0.684	0.0169981	0.692004	0.668994	0.0160005	0.671044
1696	0.741002	0.0159976	0.753	0.716051	0.0149982	0.72103
1738	0.409	0.015003	0.438997	0.388	0.0160017	0.411069
1703	0.522	0.0180008	0.536004	0.82805	2.755	0.827995
1704	0.658003	0.0159976	0.66	0.909039	2.89607	0.910084
1728	0.509009	0.0159917	0.524998	0.505998	0.0160072	0.518994
1780	0.615001	0.0180001	0.637998	1.079	5.04511	1.044
1792	0.741997	0.0190005	0.781001	0.985998	0.294	0.965
1733	0.584998	0.0190015	0.606	0.600998	0.0159993	0.595001
1706	0.552991	0.0160003	0.558	0.540046	0.0170009	0.560998
1675	0.495003	0.0159981	0.504999	0.494899	0.016001	0.499942
1688	0.688998	0.0190001	0.719	0.710997	0.0170002	0.698
1720	0.663997	0.0169988	0.678	0.654998	0.0180004	0.656
1712	0.907	0.0159972	0.907999	1.51622	7.161	1.49104
1791	0.482001	0.0160005	0.503996	0.821999	3.47952	0.81306
1799	0.836003	0.0189998	0.835002	0.858997	0.0189993	0.83005
1815	1.36045	0.020004	1.38199	2.20512	11.805	2.09905
1880	0.752997	0.0200026	0.755998	0.773	0.0199981	0.724002
1901	0.948993	0.0210018	0.971001	0.976998	0.020999	0.966
1971	0.772002	0.0209982	0.802001	1.22608	4.83202	1.20908
1943	0.960998	0.0210011	0.972003	0.945996	0.0219989	0.961003
1977	0.657995	0.0219994	0.673006	0.648002	0.0199978	0.664
1937	0.753993	0.0210004	0.781	0.71	0.0210004	0.735005
1948	1.01001	0.0229928	1.022	1.65501	7.50018	1.5759
1967	1.067	0.0220003	1.039	1.73705	9.24208	1.756
1951	1.089	0.0209997	1.101	1.42299	0.591001	1.43204
1997	0.719998	0.0199995	0.760001	0.922001	1.625	0.933999
1976	0.549999	0.0219979	0.559997	0.619002	0.122998	0.631
1950	0.934002	0.0229998	0.940997	0.969077	0.0619955	0.962266
1951	0.851997	0.0210016	0.874002	0.846041	0.0210004	0.858
1995	1.32793	0.0220003	1.328	1.815	4.80208	1.75704
2061	1.055	0.0240006	1.061	1.062	0.0230005	1.05004
2039	0.947996	0.0239995	0.951	0.948044	0.0240009	0.964001
2028	0.68	0.0220001	0.694	0.692043	0.0220006	0.691999
2025	0.584	0.0229995	0.588001	0.568061	0.0219989	0.590999
2029	0.982003	0.0229964	1.02099	0.972996	0.022002	0.970046
2106	0.939994	0.0250003	0.96	0.933999	0.0210025	0.951041
2123	0.817	0.0250003	0.843003	1.07004	1.893	1.071
2090	0.778999	0.0249999	0.790001	1.00105	2.197	1.012
2074	0.803999	0.0420005	0.813998	0.988047	2.82196	1.01509
2037	0.902001	0.0239992	0.899045	1.186	2.47103	1.225
2049	0.886049	0.023006	0.913997	1.283	4.89308	1.35418
2054	1.13116	0.0239935	1.184	1.163	0.023998	1.142
2114	0.927001	0.0239985	0.911	0.865005	0.0229945	0.892044
2100	0.956079	0.0259919	0.980998	1.32335	4.043	1.28405
2115	0.570997	0.0250022	0.580998	0.585042	0.0249999	0.569001
2133	0.825063	0.0580065	0.895994	0.818001	0.0269992	0.842293
2160	1.195	0.0329998	1.17608	1.55204	3.99107	1.533
2196	1.37207	0.0249984	1.37906	1.39199	0.0260005	1.37145
2214	1.56305	0.0280006	1.57805	1.91703	4.48534	1.91004
2259	0.819005	0.0279982	0.84814	0.832046	0.026001	0.836045
2247	0.636997	0.026	0.656	0.751997	1.325	0.764998
2207	0.963053	0.0269997	1.00711	0.968999	0.0280008	0.976887
2223	0.951996	0.0279987	0.958999	0.916996	0.0260005	0.930002
805	0.197001	0.00600314	0.213003	0.192073	0.00699735	0.205001
857	0.162006	0.00599504	0.168063	0.432998	2.288	0.392041
904	0.279001	0.00600052	0.288001	0.326995	0.086	0.339996
943	0.169	0.00599933	0.185999	0.159003	0.00600004	0.170997
947	0.245	0.00800037	0.243	0.224004	0.00700045	0.232995
987	0.245005	0.00699639	0.248999	0.570002	3.23703	0.554
1020	0.303	0.00500083	0.294004	0.547998	2.66008	0.545997
1059	0.212016	0.0079999	0.232002	0.304002	0.141998	0.309
1137	0.159999	0.00800085	0.160001	0.264999	0.839003	0.277997
1138	0.328997	0.00900555	0.345042	0.313	0.0109997	0.349002
1178	0.206001	0.0090096	0.204993	0.344	0.160004	0.323995
1195	0.296002	0.00999928	0.284999	0.278996	0.0100009	0.271
1189	0.301004	0.008991	0.313997	0.277999	0.0100029	0.293003
1243	0.278003	0.00999951	0.278997	0.279995	0.0100012	0.272
1261	0.334	0.0100005	0.346004	0.659999	3.27849	0.633997
1279	0.216998	0.0110006	0.228004	0.338001	0.844997	0.336999
1293	0.196287	0.0109994	0.203002	0.343004	1.3	0.343999
1277	0.292999	0.0110006	0.28	0.281999	0.0120029	0.280996
1308	0.294	0.0109999	0.299	0.279003	0.0109992	0.303001
1298	0.36507	0.0109978	0.39	0.454	0.0950005	0.455129
1334	0.392046	0.0109942	0.406999	0.392002	0.0110002	0.41
1375	0.312999	0.0119998	0.345001	0.583003	2.204	0.533995
1386	0.288999	0.0120015	0.302997	0.291051	0.0120003	0.278999
1365	0.316072	0.0120006	0.338001	0.325001	0.0119996	0.331999
1391	0.390003	0.0119941	0.380999	0.618036	1.86801	0.617
1412	0.398049	0.0109963	0.416	0.416999	0.012001	0.422002
1501	0.370042	0.013001	0.386071	0.581995	1.66605	0.555998
1568	0.256993	0.0140014	0.260004	0.241999	0.0140016	0.253999
1574	0.346001	0.0170052	0.380067	0.569	1.404	0.534999
1566	0.406995	0.0140002	0.417	0.554002	1.533	0.552078
1600	0.322	0.0139999	0.336085	0.319999	0.0139978	0.309999
1562	0.368001	0.0330021	0.386	0.345003	0.0159976	0.352001
1582	0.400998	0.0169995	0.417007	0.549997	1.517	0.545007
1586	0.392999	0.0150023	0.40801	0.383993	0.014998	0.404103
1568	0.248005	0.0149972	0.274003	0.405998	1.109	0.384999
1485	0.334999	0.0140004	0.317001	0.294044	0.0190005	0.325
1432	0.455	0.0129993	0.455	0.694002	1.99912	0.684001
1457	0.402994	0.0130014	0.419998	0.41952	0.0169978	0.416005
1455	0.406	0.028002	0.433061	0.426	0.0130007	0.434001
1434	0.317001	0.0129998	0.318	0.582	2.6512	0.552029
1490	0.355629	0.0129998	0.383002	0.503999	0.284	0.519996
1485	0.507999	0.0139997	0.515169	0.496053	0.0159888	0.520998
1493	0.384999	0.0130017	0.403998	0.416002	0.0219989	0.413003
1523	0.629	0.0140004	0.647062	0.857243	2.465	0.868001
1627	0.473997	0.0150023	0.480998	0.462001	0.0149994	0.489002
1677	0.533082	0.016	0.543046	0.529001	0.0160022	0.538995
1707	0.520003	0.0159972	0.515046	0.885999	3.92335	0.852052
1708	0.438089	0.0169985	0.461997	0.455	0.017998	0.449003
1723	0.602	0.0190003	0.610002	0.609999	0.0369985	0.610999
1752	0.572001	0.0179973	0.583073	0.554	0.017	0.564998
1778	0.679036	0.0239992	0.709	0.904285	1.82307	0.865041
1807	0.37103	0.0180013	0.387999	0.545	1.877	0.579999
1814	0.442002	0.019001	0.464017	0.447057	0.0190003	0.447076
1777	0.643991	0.0190003	0.667331	0.653	0.016999	0.646002
1762	0.649004	0.0189967	0.668998	0.633044	0.0170002	0.648033
1702	0.595998	0.0160015	0.612022	0.928	0.639	0.947001
1702	0.629	0.016001	0.64605	0.664001	0.0170002	0.656999
1692	0.846002	0.0159984	0.859003	0.793997	0.0170007	0.809863
1716	0.379	0.0160005	0.403	0.367003	0.0169985	0.363997
1661	0.496062	0.0189979	0.531006	0.780004	2.508	0.756999
1654	0.535088	0.0169997	0.541	0.876001	4.099	0.884998
1684	0.701131	0.0170021	0.706998	1.223	6.22608	1.253
1688	0.688046	0.0170002	0.696	0.719051	0.0380032	0.713921
1709	0.696104	0.0170014	0.722893	1.28208	7.77117	1.32201
1712	0.573066	0.0179975	0.579	0.602003	0.0189996	0.598997
1714	0.938001	0.0170026	0.975995	0.90273	0.016999	0.894354
1737	0.427	0.0179992	0.434999	0.413	0.0169992	0.457002
1723	0.734056	0.0179985	0.750999	0.972003	3.031	1.04199
1761	0.759999	0.0169945	0.752	1.033	0.504998	1.02609
1756	0.588061	0.0179977	0.621082	0.874043	3.387	0.917
1796	0.514	0.0190022	0.523997	0.491002	0.0169995	0.492998
1782	0.507992	0.0170002	0.513	0.487001	0.0189996	0.534069
1764	0.752001	0.0189991	0.783	1.1957	4.85245	1.14105
1796	0.735082	0.0190005	0.743998	0.737999	0.0180006	0.75307
1829	0.759064	0.0190005	0.793688	0.767004	0.0189965	0.799229
1836	0.454	0.0180004	0.478	0.785006	3.55592	0.770079
1830	0.585998	0.0219996	0.598001	0.875002	3.399	0.907999
1834	0.744001	0.0199966	0.760078	1.06	3.4	1.081
1865	0.563164	0.0180023	0.565038	0.581002	0.0199981	0.586
1875	0.633069	0.0190003	0.652	0.644999	0.0190017	0.653001
1909	0.805001	0.0219989	0.853911	1.22447	3.03007	1.16204
1911	0.702086	0.0229995	0.723998	0.698993	0.0200009	0.692999
1875	0.618995	0.0200007	0.622999	0.573999	0.0200007	0.614
1819	0.540066	0.0199986	0.557005	0.533995	0.0259988	0.548064
1784	0.748	0.0180006	0.764047	0.754038	0.0180006	0.739005
1843	0.70205	0.0190008	0.748	1.23608	5.42601	1.16
1853	1.00605	0.0200009	0.966999	0.975001	0.0210011	0.998044
1916	0.526997	0.0200007	0.558044	0.570998	0.0740008	0.59605
1915	0.877047	0.0220008	0.892051	0.875002	0.0199986	0.895999
1965	1.45613	0.0220006	1.522	1.821	3.703	1.78404
2005	0.782	0.0219996	0.811	0.793123	0.0210009	0.821002
2003	1.01813	0.0239482	1.03607	1.708	7.82506	1.67605
2069	0.836079	0.0249984	0.876	1.29762	5.20142	1.291
2095	1.03705	0.0250039	1.05199	1.05105	0.0250015	1.036
2104	0.768999	0.0249989	0.780051	0.964001	0.331002	0.980998
2106	0.804998	0.0259998	0.835056	0.818999	0.0270011	0.849277
2052	1.04605	0.0240011	1.101	1.42327	3.079	1.41105
2113	1.15405	0.0249972	1.152	1.523	5.32608	1.61
2135	1.22306	0.0259995	1.26102	1.565	3.81802	1.523
2116	0.753116	0.0240006	0.801003	1.09005	3.958	1.11819
2118	0.647996	0.0269973	0.635999	0.768998	1.339	0.768998
2097	1.04605	0.0259979	1.0599	1.5571	6.61958	1.57905
2109	0.952046	0.0240014	0.981003	1.347	4.15435	1.34036
2133	1.4651	0.0259991	1.528	1.46159	0.023998	1.453
2177	1.12704	0.0250006	1.155	1.133	0.0250008	1.143
2215	1.05306	0.0270023	1.08306	1.51405	5.61413	1.52404
2191	0.792066	0.0279958	0.844001	1.031	2.46726	1.03006
2177	0.642998	0.0279982	0.669999	0.741001	0.201003	0.769996
2165	1.05704	0.0260003	1.088	1.32505	0.558001	1.43747
2213	1.00794	0.052999	1.03907	1.00605	0.0259988	1.03009
2258	0.934999	0.0260055	0.966994	1.43043	5.60607	1.41103
2255	0.905998	0.0290005	0.911042	1.09708	2.078	1.10804
2242	0.943047	0.0280004	0.961	1.10295	0.325	1.105
2213	1.03299	0.0270011	1.08273	1.06244	0.0280015	1.08104
2213	1.0432	0.0269949	1.084	1.19322	1.011	1.18
2214	1.22202	0.0469971	1.227	1.19505	0.0269978	1.243
2263	0.944053	0.0270004	0.985002	0.96806	0.0480027	0.992041
2267	1.035	0.0390022	1.049	1.49805	6.01608	1.546
2274	0.64	0.0280008	0.661005	0.859061	2.376	0.859
2264	0.920049	0.0279939	0.933066	1.05905	1.193	1.06207
2312	1.241	0.0290098	1.258	1.23204	0.0310013	1.25109
2329	1.48352	0.0310011	1.48706	1.45704	0.0349982	1.518
2367	1.71307	0.031002	1.74604	2.03907	0.617996	2.02705
2403	0.998002	0.0309982	0.994043	0.940964	0.0300007	0.987005
2410	0.726999	0.0300026	0.749064	0.847995	0.743002	0.797999
2370	1.03708	0.0320013	1.05704	1.43107	5.05708	1.45432
2378	1.03405	0.030997	1.06808	1.05205	0.0300043	1.05924
896	0.168004	0.00600076	0.180996	0.158999	0.00599957	0.183151
941	0.272996	0.00800157	0.280071	0.288003	0.00599766	0.289001
982	0.184998	0.00700021	0.196001	0.190106	0.00699782	0.196003
1006	0.266	0.00800085	0.279	0.280998	0.0079999	0.274002
1032	0.252996	0.00700068	0.251002	0.593004	0.455997	0.524998
1075	0.330998	0.00800061	0.332	0.57829	2.765	0.582038
1124	0.228001	0.00800061	0.244062	0.384002	1.592	0.406998
1172	0.167001	0.0090003	0.175997	0.169	0.0109975	0.179003
1206	0.333	0.0100012	0.337999	0.368004	0.00599575	0.345999
1256	0.204073	0.0119987	0.222999	0.211003	0.00999808	0.219
1262	0.29308	0.0100055	0.320996	0.522043	2.695	0.548996
1273	0.329997	0.0119998	0.346006	0.541057	2.28	0.56
1301	0.306995	0.0100012	0.311004	0.437	0.205002	0.426054
1341	0.368995	0.00800085	0.379001	0.378	0.0620048	0.405995
1352	0.249	0.0120034	0.246998	0.307999	0.0950046	0.322042
1388	0.208003	0.0130007	0.219996	0.208997	0.0120034	0.220997
1374	0.319001	0.0120013	0.303999	0.562005	2.214	0.531002
1376	0.322998	0.0120003	0.329999	0.511042	1.41608	0.514002
1408	0.42156	0.0120003	0.437998	0.417999	0.0120003	0.426057
1406	0.415	0.0120046	0.437997	0.613501	1.67502	0.618
1450	0.315204	0.0130024	0.343	0.573686	2.54	0.578999
1488	0.338001	0.0130024	0.346997	0.468017	1.40404	0.489998
1476	0.378999	0.0150008	0.38702	0.548002	1.679	0.532
1488	0.424997	0.013001	0.428999	0.410025	0.0140138	0.424999
1515	0.428068	0.0209997	0.44707	0.441	0.0140009	0.447001
1561	0.400998	0.016	0.432	0.396101	0.0139959	0.42
1651	0.295998	0.0150013	0.312999	0.293001	0.0150006	0.306999
1649	0.367961	0.0160005	0.389958	0.373	0.0160005	0.385998
1687	0.459	0.0160024	0.476998	0.468005	0.0179954	0.480002
1725	0.333452	0.0170016	0.364001	0.349001	0.018997	0.37746
1671	0.391003	0.0169988	0.409002	0.402	0.0170002	0.409997
1673	0.419999	0.0160024	0.436997	0.40703	0.0159974	0.432999
1692	0.408999	0.0160038	0.427504	0.401001	0.0160003	0.417
1687	0.303999	0.0190032	0.329055	0.291001	0.0180042	0.302999
1638	0.363997	0.0169985	0.367	0.367	0.0159979	0.363004
1578	0.478997	0.0150011	0.481006	0.467	0.0150003	0.483999
1543	0.437043	0.0140016	0.433999	0.432046	0.0140009	0.444066
1575	0.440031	0.0160007	0.462941	0.535996	0.147001	0.559002
1598	0.373997	0.0150077	0.398993	0.491997	1.45307	0.512487
1562	0.366997	0.0140011	0.396002	0.375999	0.0139985	0.381
1588	0.565004	0.0149965	0.559048	1.09813	6.09504	1.07891
1612	0.407002	0.0149984	0.415904	0.422999	0.0160005	0.41924
1615	0.685045	0.0150013	0.705999	0.677003	0.0199986	0.725286
1700	0.476055	0.0169997	0.515001	0.680001	1.832	0.697958
1751	0.554997	0.0389998	0.587241	0.554068	0.0169978	0.568004
1819	0.562998	0.026998	0.590002	0.870136	3.16413	0.894052
1826	0.490997	0.0200009	0.505999	0.603999	0.176001	0.589083
1843	0.631042	0.0189989	0.643067	0.62107	0.0189974	0.634534
1858	0.576997	0.018003	0.611994	0.586895	0.0189989	0.603999
1866	0.719622	0.0210035	0.735999	0.727134	0.0209999	0.744
1917	0.439035	0.0219982	0.481999	0.517001	0.137998	0.525
1913	0.495	0.0230038	0.515996	0.658997	1.936	0.688002
1929	0.695002	0.0219982	0.720068	1.104	4.974	1.14325
1868	0.686072	0.0210001	0.702921	0.715258	0.0219991	0.703998
1854	0.634998	0.020004	0.669021	0.693002	0.0360017	0.712999
1819	0.692039	0.0190048	0.702273	0.712083	0.0199957	0.724008
1822	0.902002	0.0199988	0.913003	0.88812	0.0180008	0.888
1837	0.4	0.0190005	0.425001	0.387996	0.0189998	0.418059
1786	0.522	0.0190012	0.518079	0.949999	4.9072	0.903
1787	0.556998	0.0179996	0.568317	0.567043	0.0190008	0.581
1774	0.744997	0.0180044	0.773634	0.754068	0.0170019	0.782001
1803	0.731999	0.0200055	0.773002	0.752055	0.020997	0.777998
1802	0.758001	0.0199983	0.763999	0.744997	0.0190001	0.765043
1814	0.58601	0.0189979	0.617512	0.598	0.0180011	0.607999
1830	0.999956	0.0200005	1.01607	1.00405	0.0189977	1.01105
1856	0.484571	0.0189998	0.506539	0.518003	0.0379982	0.543065
1855	0.800995	0.0220003	0.833002	1.21893	5.03349	1.211
1847	0.807997	0.019001	0.814881	1.23386	3.81507	1.21203
1870	0.639041	0.0209997	0.665064	0.711033	0.050009	0.705993
1885	0.530005	0.0209944	0.542	0.537999	0.019999	0.545999
1889	0.558037	0.0220008	0.586034	0.783003	2.21606	0.783982
1887	0.873	0.0210025	0.883951	0.851	0.0210018	0.884
1915	0.806048	0.0200007	0.822427	1.31694	5.02452	1.267
1948	0.845058	0.0219886	0.870998	0.902103	0.0220015	0.873052
1962	0.494997	0.022001	0.503186	0.662	1.31	0.650995
1921	0.609999	0.0229998	0.648303	0.859015	2.309	0.865997
1951	0.813011	0.0229907	0.827996	0.787	0.0219998	0.815
1985	0.639001	0.0230005	0.6451	0.706064	0.136005	0.725994
2003	0.694016	0.0220003	0.715051	0.7	0.0209997	0.7085
2002	0.837043	0.0230024	0.858044	1.186	2.601	1.162
2022	0.772047	0.0250015	0.789999	0.775	0.0250006	0.794999
2037	0.660001	0.0229962	0.654999	1.00509	3.51	0.941221
1981	0.567043	0.0240009	0.590038	0.648	0.102	0.690999
1925	0.779798	0.0220001	0.811408	0.985003	1.827	1.01501
1928	0.743998	0.0210009	0.766051	0.755	0.022002	0.768572
1966	1.051	0.0229998	1.076	1.52504	5.706	1.49705
2045	0.587083	0.0230007	0.60207	0.780337	1.163	0.868996
2033	0.932036	0.0250003	0.954834	0.981999	0.0239997	0.974
2073	1.51807	0.0239964	1.55907	2.21603	7.05254	2.17415
2136	0.896997	0.0250006	0.895059	1.27807	4.61714	1.29003
2121	1.08104	0.0480037	1.12104	1.185	0.0819998	1.196
2166	0.915047	0.0260189	0.930269	0.886999	0.0300002	0.902
2180	1.08	0.0280015	1.10108	1.06519	0.0269997	1.0785
2246	0.834039	0.0450039	0.851047	0.822002	0.029002	0.878999
2214	0.829388	0.0290003	0.857	0.876	0.0280001	0.904002
2212	1.07908	0.027998	1.142	1.11315	0.0270021	1.109
2208	1.18	0.0270042	1.2103	1.30105	0.197001	1.362
2266	1.30897	0.0270011	1.33811	1.587	0.526	1.62704
2282	0.869032	0.0300007	0.897244	0.841998	0.0280032	0.849
2232	0.659998	0.0280001	0.668	0.626004	0.0279944	0.662999
2235	1.13816	0.0280032	1.15305	1.358	2.406	1.352
2240	1.06531	0.0219975	1.09408	1.083	0.0280004	1.147
2276	1.60014	0.0570014	1.59141	1.573	0.0329998	1.572
2302	1.28904	0.0289989	1.298	1.56408	3.78	1.615
2318	1.12234	0.0290015	1.16018	1.143	0.0280046	1.13699
2350	0.897999	0.0309999	0.886045	0.865257	0.0409994	0.930999
2323	0.668999	0.030066	0.712998	0.808995	0.896018	0.820039
2308	1.16405	0.0300007	1.17604	1.151	0.0270002	1.16605
2338	1.071	0.0299976	1.082	1.201	0.348003	1.279
2359	1.00105	0.0309992	1.02209	0.977	0.0300014	1.012
2379	0.955997	0.0329983	0.970069	1.2091	2.96204	1.269
2395	1.02004	0.0329998	1.12	1.18499	1.471	1.174
2351	1.19304	0.0270009	1.192	1.66654	5.72513	1.70404
2364	1.13636	0.0290017	1.15101	1.37803	2.323	1.399
2356	1.35813	0.0320041	1.40259	1.791	5.44523	1.81907
2413	1.00907	0.0311759	1.05123	1.44708	3.985	1.44098
2409	1.10304	0.0319982	1.114	1.124	0.0329998	1.119
2431	0.763474	0.0319965	0.806001	1.205	4.129	1.141
2412	0.968999	0.0330021	0.987	0.96025	0.0310023	0.989079
2431	1.32237	0.0329995	1.35602	1.679	3.16907	1.643
2473	1.56211	0.0339987	1.615	1.58229	0.0330794	1.606
2492	1.77203	0.0340021	1.80405	2.396	5.58716	2.36616
2542	1.03205	0.0330009	1.06875	1.308	2.792	1.368
2539	0.787001	0.0369959	0.804	0.795997	0.0340009	0.789976
2517	1.14506	0.0349991	1.1521	1.132	0.0359972	1.164
2532	1.127	0.0330012	1.1484	1.135	0.0340014	1.163
978	0.302998	0.00699973	0.312998	0.455999	0.230001	0.447999
1017	0.21	0.00700116	0.215998	0.197997	0.00699997	0.205002
1044	0.284998	0.00800157	0.294997	0.264002	0.00799775	0.261997
1086	0.286001	0.00800204	0.287997	0.291001	0.0210004	0.308
1119	0.347001	0.00799918	0.342002	0.326999	0.00800061	0.339
1176	0.244028	0.00900173	0.258999	0.244	0.0090003	0.254999
1229	0.185	0.0100005	0.181	0.241998	0.054002	0.242997
1241	0.354001	0.00999832	0.372366	0.356	0.0100012	0.360999
1318	0.216005	0.00999808	0.253	0.223997	0.0100009	0.249999
1337	0.304	0.0120003	0.331045	0.497	1.895	0.504997
1338	0.334999	0.0120041	0.345997	0.333001	0.0109973	0.348
1379	0.310998	0.0120039	0.347996	0.494999	1.425	0.492001
1396	0.377001	0.0130002	0.392002	0.468995	0.191001	0.493
1428	0.292999	0.0130005	0.310002	0.265999	0.0130024	0.285998
1458	0.245002	0.0139978	0.249	0.232004	0.0129972	0.252997
1463	0.362005	0.0139954	0.357999	0.371003	0.013998	0.360001
1468	0.364998	0.0130012	0.392998	0.351	0.0139999	0.372995
1472	0.440993	0.0130002	0.450003	0.598999	0.213002	0.588001
1506	0.442	0.0290024	0.467997	0.437001	0.0149996	0.474002
1520	0.362009	0.0129945	0.378996	0.595001	0.372	0.577996
1560	0.340998	0.0150003	0.362002	0.331002	0.0149994	0.343998
1576	0.392005	0.0140002	0.412997	0.391017	0.0149949	0.427002
1594	0.467998	0.0149992	0.490002	0.472995	0.0150013	0.489998
1605	0.472003	0.0149956	0.499003	0.476998	0.0149987	0.485001
1656	0.476994	0.0160005	0.474998	0.462003	0.014998	0.456998
1702	0.308999	0.016	0.345999	0.316	0.0170019	0.326
1725	0.417006	0.0179946	0.436002	0.394	0.0179989	0.409999
1759	0.487999	0.0170016	0.514	0.719998	1.932	0.696999
1837	0.389	0.0209956	0.444	0.389999	0.019001	0.390001
1796	0.457	0.0210035	0.478004	0.410001	0.020004	0.444
1776	0.468998	0.0199978	0.500002	0.435998	0.0180013	0.434998
1777	0.431016	0.0189872	0.442996	0.432009	0.0179927	0.443994
1790	0.333999	0.0190005	0.342	0.317998	0.019001	0.341001
1752	0.395	0.0180044	0.424007	0.391997	0.019002	0.415001
1723	0.568	0.019002	0.562996	0.717999	0.247002	0.737998
1684	0.490995	0.0160007	0.489999	0.505	0.016999	0.499998
1659	0.486999	0.0160017	0.522	0.627	1.571	0.648
1712	0.430996	0.0169997	0.468999	0.399998	0.0170007	0.415996
1715	0.436998	0.0170033	0.453998	0.581	1.79201	0.590995
1660	0.579	0.0149999	0.592001	0.873001	2.377	0.901996
1707	0.459999	0.0170007	0.483999	0.464999	0.0170038	0.473996
1727	0.764009	0.0189912	0.797	1.024	0.474998	1.033
1783	0.542	0.0169988	0.552	0.545997	0.0180025	0.544998
1821	0.588	0.0180006	0.622999	0.744999	0.218	0.766002
1891	0.607001	0.0210001	0.623001	0.573998	0.0200002	0.591
1932	0.550998	0.0219994	0.586002	0.847998	3.355	0.825996
1951	0.653999	0.0210009	0.669999	0.783999	0.252004	0.793996
1970	0.628999	0.0210001	0.659999	0.625003	0.0219963	0.661
1966	0.755	0.0220003	0.812999	1.241	4.883	1.187
2000	0.473004	0.0219998	0.489997	0.680998	1.912	0.651996
2011	0.529001	0.0249979	0.545002	0.614997	0.181005	0.649995
2025	0.764999	0.0520022	0.780998	0.751001	0.0229983	0.776
2010	0.753	0.0240011	0.773999	1.318	6.025	1.281
1954	0.707997	0.0440028	0.756999	0.74	0.0240049	0.731999
1964	0.775	0.0230026	0.812995	1.207	4.591	1.203
1933	0.991	0.0229988	1.015	1.253	0.542	1.283
1960	0.481001	0.0229995	0.516999	0.596995	0.228002	0.604
1905	0.580998	0.022002	0.598	0.86	2.107	0.838002
1904	0.627005	0.0239983	0.665999	0.968995	4.424	1.04
1900	0.879999	0.0220006	0.861001	0.827001	0.0219982	0.829999
1884	0.778	0.0230014	0.827003	0.784002	0.0219984	0.782998
1908	0.801998	0.0210001	0.825999	1.065	0.557999	1.101
1907	0.628001	0.0310006	0.641997	0.743999	0.148003	0.756002
1930	1.125	0.0230007	1.152	1.856	10.699	1.908
1957	0.568001	0.0230026	0.599996	0.566998	0.0240042	0.572001
1959	0.845001	0.024008	0.905991	0.839001	0.0229967	0.848003
1973	0.867997	0.0210028	0.891999	1.02199	0.287	1.044
1948	0.694002	0.023999	0.761005	0.903	2.746	0.947002
1988	0.590999	0.025002	0.603001	0.561997	0.0240014	0.585003
1977	0.585998	0.0230005	0.619999	0.616	0.021004	0.630996
1989	0.914998	0.0229905	0.943003	1.253	2.865	1.199
2027	0.859999	0.0230019	0.906998	1.083	1.836	1.057
2054	0.955998	0.0240011	0.948998	0.920997	0.0230014	0.917002
2069	0.540001	0.0269959	0.562002	0.827998	3.01501	0.827999
2036	0.691996	0.0270016	0.731001	0.72	0.0249972	0.724001
2036	0.843999	0.0229983	0.855999	0.968	0.191	0.987998
2093	0.703991	0.0240016	0.722999	0.681998	0.0250008	0.731002
2110	0.741997	0.0250053	0.758995	0.743	0.0249975	0.780999
2117	0.863	0.0260012	0.908004	0.876996	0.0239992	0.905998
2111	0.822994	0.0270042	0.828996	0.783001	0.0240002	0.810999
2138	0.692009	0.0269914	0.741999	0.808003	0.143999	0.824999
2138	0.663999	0.0280006	0.688002	0.974003	3.386	0.982003
2083	0.869997	0.0240018	0.926999	0.902995	0.0260038	0.926999
2063	0.836999	0.0299985	0.855992	0.816004	0.0249975	0.845999
2045	1.078	0.0250056	1.105	1.06	0.0240018	1.086
2154	0.671	0.0270011	0.704	0.672998	0.0240009	0.669999
2152	0.996999	0.0270021	1.021	1.021	0.0400002	1.056
2185	1.592	0.0269954	1.634	1.614	0.0259995	1.618
2240	0.944002	0.0279956	0.95	0.924998	0.0260029	0.948997
2243	1.143	0.0279977	1.142	1.15	0.0290008	1.192
2273	0.968	0.0310016	1.028	0.953989	0.027	0.969002
2272	1.19899	0.0310016	1.191	1.113	0.0290003	1.13701
2324	0.857	0.0289986	0.864001	1.403	6.005	1.37505
2348	0.952006	0.0299916	0.957	0.988001	0.0729992	0.972052
2315	1.18801	0.0329859	1.248	1.58409	4.67509	1.63205
2363	1.316	0.0310001	1.346	1.5981	0.639999	1.617
2355	1.414	0.031003	1.432	1.46299	0.0320015	1.434
2401	0.948009	0.0329921	1.054	1.05703	0.924178	1.06305
2393	0.745003	0.0340025	0.802993	0.737061	0.0569975	0.772003
2344	1.236	0.031002	1.23	1.224	0.0939965	1.23202
2368	1.175	0.0329993	1.291	1.37401	3.16618	1.456
2392	1.78311	0.0340009	1.75612	1.8341	0.335	1.85909
2430	1.384	0.032999	1.43187	1.73414	4.98208	1.81405
2423	1.26612	0.035001	1.24018	1.239	0.0329988	1.216
2446	0.928651	0.0330305	0.948958	1.062	1.192	1.07508
2474	0.726618	0.0340028	0.757011	0.858003	0.240001	0.898998
2446	1.203	0.0349972	1.27752	1.238	0.034003	1.23997
2467	1.138	0.033	1.14	1.456	4.198	1.49991
2480	1.09251	0.0330021	1.103	1.399	4.349	1.403
2471	1.04552	0.0350003	1.143	1.02415	0.0340023	1.021
2512	1.155	0.036001	1.108	1.54212	4.433	1.50707
2496	1.27757	0.0340028	1.32302	1.38709	1.091	1.428
2485	1.319	0.0360012	1.342	1.53119	3.953	1.592
2494	1.46654	0.0349994	1.474	1.94	6.404	1.965
2537	1.12654	0.0360017	1.177	1.098	0.0330012	1.106
2549	1.273	0.0400016	1.329	1.456	2.885	1.428
2564	0.827005	0.0359936	0.861006	1.128	3.792	1.153
2549	1.064	0.0349998	1.05801	1.103	0.117004	1.141
2572	1.43	0.0350006	1.45406	1.42599	0.0370023	1.435
2585	1.73201	0.0380018	1.71601	1.914	0.451999	1.965
2626	1.93361	0.0390019	1.98533	1.971	0.118002	1.976
2658	1.09	0.037003	1.098	1.078	0.0350001	1.10201
2669	0.832999	0.0390036	0.845001	0.855998	0.0399971	0.851002
2643	1.324	0.0430024	1.322	1.224	0.0399964	1.256
2668	1.26504	0.0389981	1.277	1.227	0.0390041	1.231
1048	0.208007	0.00899553	0.236999	0.484998	2.184	0.439998
1076	0.306999	0.00900126	0.315003	0.281998	0.00900126	0.279999
1123	0.308998	0.00899887	0.331002	0.372002	0.105998	0.352
1169	0.347	0.00900435	0.405	0.626001	3.077	0.669001
1218	0.287999	0.0100002	0.300997	0.295001	0.0100012	0.279998
1275	0.204004	0.010998	0.237525	0.207	0.0119998	0.206001
1295	0.414	0.0129964	0.442003	0.7	3.101	0.685003
1352	0.270006	0.0110023	0.277478	0.260994	0.0120006	0.279001
1396	0.337981	0.012001	0.339105	0.348998	0.0120008	0.358001
1411	0.362987	0.0139992	0.37001	0.365998	0.012001	0.369003
1443	0.340261	0.0129995	0.355012	0.326997	0.0130033	0.350997
1471	0.418002	0.0129998	0.425996	0.411996	0.0140007	0.424999
1481	0.307997	0.0140014	0.324	0.285002	0.0140023	0.296996
1530	0.269999	0.0140045	0.292	0.419997	0.747001	0.394999
1527	0.38401	0.0170023	0.389998	0.368002	0.0240011	0.396996
1551	0.412019	0.0149987	0.420002	0.399	0.0140042	0.415995
1553	0.490004	0.0149951	0.513005	0.673002	1.95008	0.658093
1566	0.468007	0.0150027	0.495	0.479998	0.0140023	0.500999
1615	0.406997	0.0150015	0.435999	0.396064	0.0150015	0.423999
1624	0.370001	0.0159986	0.381	0.513999	0.201018	0.498
1644	0.440997	0.0169995	0.460001	0.558997	1.274	0.574099
1689	0.489997	0.0170009	0.514001	0.756999	3.12901	0.770458
1705	0.531001	0.0159948	0.558999	0.529001	0.016001	0.541064
1740	0.525997	0.0180001	0.519999	0.636003	0.177001	0.619998
1789	0.355996	0.0199993	0.368	0.391998	0.0989988	0.42307
1774	0.452997	0.0200024	0.461997	0.578998	1.1591	0.602
1831	0.520001	0.0190012	0.525999	0.671995	1.621	0.711997
1905	0.402	0.0200036	0.414999	0.403	0.0220013	0.428
1902	0.48	0.0220008	0.517001	0.489066	0.0220027	0.503998
1893	0.490003	0.022002	0.531998	0.475998	0.0210021	0.491998
1879	0.52653	0.0220053	0.530996	0.478001	0.0210013	0.480999
1870	0.401998	0.022999	0.404999	0.341053	0.0200002	0.381001
1850	0.435995	0.0209992	0.454047	0.533	0.112999	0.563006
1831	0.581	0.0210021	0.582015	0.594998	0.021003	0.596995
1824	0.529001	0.02	0.578999	0.521999	0.0190015	0.537009
1792	0.533	0.0209999	0.58	0.682995	1.474	0.684079
1792	0.431001	0.0190005	0.472003	0.470998	0.0830004	0.490286
1820	0.455989	0.0189998	0.488998	0.687	1.9291	0.679998
1804	0.633997	0.0190394	0.69096	0.626889	0.0200014	0.655999
1774	0.475999	0.0180037	0.527997	0.582001	0.110997	0.585062
1813	0.849991	0.0220013	0.814997	1.21402	5.29008	1.239
1884	0.571001	0.0199988	0.613021	0.860006	3.207	0.86608
1900	0.650001	0.0220001	0.685002	0.777056	0.244996	0.798002
1952	0.628999	0.0230038	0.665995	0.909	3.542	0.963001
2000	0.594998	0.0249996	0.608001	0.575994	0.0229995	0.581997
2048	0.687458	0.0259972	0.762	0.695999	0.0240023	0.719002
2073	0.718998	0.0240049	0.712995	1.25199	6.33	1.245
2074	0.833998	0.0270045	0.886997	0.841998	0.0250018	0.832001
2098	0.548998	0.0260003	0.558001	0.708001	1.706	0.691999
2089	0.546005	0.0259957	0.603	0.685999	1.351	0.745999
2120	0.891	0.0269978	0.838002	0.822996	0.0300007	0.823
2099	0.8	0.0270016	0.826998	1.172	4.313	1.247
2087	0.770998	0.0250008	0.797153	0.761	0.0260015	0.770998
2056	0.843996	0.022999	0.851002	0.823002	0.0249979	0.843999
2066	1.061	0.0260012	1.10001	1.144	0.180001	1.169
2056	0.555002	0.0279968	0.616998	0.619001	0.168	0.627998
2021	0.680002	0.0270021	0.681998	0.832999	2.284	0.859002
2015	0.691004	0.0249965	0.714	0.661994	0.023001	0.687999
2010	0.861999	0.0250008	0.923999	1.218	3.464	1.168
2002	0.930003	0.0299985	0.916997	0.852999	0.0230045	0.894995
1987	0.819004	0.0229943	0.882	0.831997	0.0540011	0.856994
2009	0.727998	0.0250039	0.717996	0.664002	0.0229993	0.690998
2021	1.132	0.0240014	1.157	1.111	0.0229979	1.149
2049	0.574069	0.0249979	0.593389	0.815997	2.092	0.796999
2055	0.887996	0.0249996	0.948003	1.024	0.314003	1.072
2073	0.910045	0.0240011	0.961997	1.302	5.095	1.313
2067	0.722003	0.0259972	0.759999	0.919001	0.332	0.979001
2064	0.595002	0.0199988	0.635015	0.598998	0.0240014	0.601999
2078	0.655	0.0260003	0.670001	0.970046	3.379	0.968003
2069	1.02005	0.0259993	1.063	1.303	3.20512	1.338
2115	0.961	0.0260015	0.973002	0.959998	0.0230033	0.975995
2160	0.991999	0.0260024	1.015	0.970001	0.0260057	1.00828
2167	0.575996	0.0269997	0.610999	0.762047	1.73203	0.797
2141	0.745004	0.0269973	0.776001	0.754054	0.0280018	0.755998
2141	0.928998	0.026999	0.927004	1.411	4.453	1.39
2170	0.714998	0.0270019	0.743522	0.72691	0.0250006	0.739999
2211	0.817014	0.0280032	0.840879	1.031	2.46792	1.069
2219	0.931998	0.0279973	0.997001	1.5383	7.732	1.56105
2220	0.848009	0.0269887	0.862641	0.912999	0.116	0.927065
2220	0.763006	0.0279961	0.783	1.07822	3.55193	1.083
2230	0.702999	0.0290031	0.719	0.702048	0.0310042	0.720996
2226	0.977001	0.0299988	1.01351	1.00706	0.0439982	1.036
2207	0.951997	0.027003	0.965997	0.901	0.0280027	0.915094
2172	1.15318	0.0269997	1.166	1.14206	0.0259974	1.17805
2229	0.666999	0.0260007	0.691004	1.14609	4.991	1.09901
2251	1.101	0.0309982	1.114	1.064	0.0310006	1.093
2294	1.671	0.0289998	1.698	2.153	5.27554	2.13405
2343	0.976542	0.0300002	1.028	0.978038	0.0290012	0.961003
2338	1.29	0.0270009	1.278	1.79306	5.67235	1.771
2389	0.984997	0.0319996	1.014	1.05808	0.100002	1.06105
2374	1.159	0.0330033	1.201	1.26805	0.940001	1.286
2412	0.929644	0.0320001	0.947999	0.932034	0.0500014	0.970108
2422	0.938999	0.0379987	0.978	0.955995	0.0340009	0.973051
2444	1.228	0.0340028	1.25	1.43605	2.199	1.47005
2458	1.37101	0.0340025	1.36299	1.33004	0.0340028	1.33516
2497	1.455	0.0350027	1.488	1.43904	0.0330002	1.45505
2483	0.916001	0.0340002	0.988997	0.940995	0.0330019	0.963997
2509	0.758013	0.0350013	0.792	1.01106	2.52705	0.998042
2493	1.24305	0.0359986	1.265	1.29304	0.0739992	1.30205
2470	1.189	0.0340049	1.348	1.194	0.0330019	1.217
2512	1.84047	0.0350034	1.83251	2.19904	4.68409	2.16305
2534	1.42702	0.0340037	1.42201	2.02704	7.361	2.00408
2546	1.29953	0.0369985	1.30401	1.47504	0.361	1.48305
2547	0.968009	0.0369935	0.994997	1.25325	2.73803	1.21
2563	0.797006	0.0369952	0.835364	0.786077	0.0350022	0.823998
2592	1.30991	0.0390031	1.35135	1.33005	0.0419993	1.321
2599	1.254	0.0470049	1.248	1.21505	0.0330019	1.23102
2600	1.078	0.0370002	1.113	1.18105	0.686996	1.238
2586	1.11504	0.0399933	1.18783	1.04512	0.0359993	1.06605
2600	1.20101	0.0419977	1.25361	1.087	0.0370026	1.09802
2607	1.41254	0.037998	1.449	1.345	0.0389988	1.379
2622	1.402	0.0379956	1.36501	1.32002	0.0370007	1.333
2608	1.51401	0.0389996	1.544	1.50804	0.0359974	1.55406
2663	1.18601	0.0379949	1.229	1.553	3.8286	1.59206
2668	1.27884	0.0399995	1.306	1.61022	4.44007	1.65204
2692	0.864002	0.0380011	0.870996	0.871999	0.0380008	0.867058
2680	1.106	0.0410016	1.166	1.09109	0.0360048	1.11303
2702	1.517	0.0750003	1.556	1.49407	0.0409994	1.54
2714	1.76301	0.0370011	1.815	1.75304	0.0380018	1.7711
2728	2.00672	0.0399992	2.04102	1.97611	0.0399995	2.009
2786	1.134	0.040998	1.16	1.46701	3.59495	1.50309
2781	0.911019	0.0449855	0.952012	0.898	0.0410006	0.891048
2768	1.365	0.0449998	1.375	1.29917	0.042001	1.31304
2783	1.354	0.0430031	1.395	1.71906	4.26017	1.68204
