Graph size,Flexible forward,Constant forward,Flexible backward,Constant backward
121.0,0.0199986,0.00200319,0.0329964,0.00800014
114.0,0.0309982,0.0010004,0.026994,0.00200295
132.0,0.0449967,0.00100064,0.0990016,0.0449998
153.0,0.0229993,0.00100017,0.0250032,0.00200009
134.0,0.0409963,0.00200319,0.0820026,0.0389984
173.0,0.0319998,0.00200105,0.0410058,0.000996351
173.0,0.020999,0.00200415,0.0240011,0.00200438
100.0,0.0160034,0.00100017,0.0190041,0.000998974
161.0,0.0390007,0.00100017,0.0410011,0.00200319
194.0,0.0299993,0.00100112,0.0380018,0.00200009
169.0,0.0289989,0.00200057,0.0329983,0.00200033
186.0,0.0299997,0.00199866,0.031002,0.00200009
156.0,0.0329981,0.00200057,0.0339987,0.00200009
183.0,0.0410004,0.00199842,0.0439992,0.00199986
187.0,0.0399997,0.00200057,0.069994,0.024003
221.0,0.0309994,0.00200129,0.0339966,0.00200057
205.0,0.0259976,0.0020051,0.0280004,0.00100088
149.0,0.0420709,0.00199771,0.0620019,0.0189981
239.0,0.0320067,0.00200105,0.051996,0.0230043
167.0,0.0209985,0.00199914,0.0229981,0.00177646
185.0,0.0509992,0.00199866,0.0569999,0.00200081
225.0,0.036,0.00200081,0.0450025,0.0059979
207.0,0.0260017,0.00199962,0.0299952,0.00200105
215.0,0.0350003,0.00200105,0.038002,0.00200057
201.0,0.0190003,0.00199986,0.0370014,0.0130005
155.0,0.0429976,0.00200152,0.0889966,0.0350027
210.0,0.0319979,0.00200057,0.0450001,0.00200009
213.0,0.0860007,0.00199699,0.108002,0.00200081
261.0,0.0600004,0.00200033,0.0559988,0.00200248
263.0,0.0400004,0.00200009,0.0489998,0.00200057
234.0,0.0549989,0.00200009,0.0620022,0.00199866
206.0,0.0479989,0.00200295,0.0490134,0.00199986
235.0,0.0619998,0.002002,0.0630009,0.00200057
265.0,0.065001,0.00199699,0.0779982,0.00300026
291.0,0.0799999,0.00200438,0.086,0.00200081
286.0,0.0259991,0.00199986,0.0609999,0.026
189.0,0.0489976,0.00100017,0.0539987,0.00100183
237.0,0.0710006,0.0019989,0.0790019,0.00200295
299.0,0.0609934,0.00300121,0.115999,0.0709977
192.0,0.0369995,0.002002,0.0690024,0.0299983
231.0,0.0649991,0.00199986,0.0710013,0.00200152
244.0,0.0479996,0.00200009,0.057003,0.00199747
231.0,0.0419993,0.00200009,0.105017,0.0639994
178.0,0.049999,0.00200224,0.0860035,0.0279975
203.0,0.0740056,0.00199914,0.0669968,0.00200129
265.0,0.0690002,0.00300145,0.113,0.0680015
263.0,0.0480015,0.00199771,0.0580015,0.00899839
288.0,0.0619969,0.00300193,0.0650024,0.00199795
245.0,0.0729964,0.00200081,0.081002,0.00200081
241.0,0.106999,0.00199962,0.227999,0.186
295.0,0.0749993,0.00300169,0.0859995,0.00200081
258.0,0.147,0.00200009,0.149003,0.0149987
370.0,0.100997,0.00300145,0.107999,0.00300217
284.0,0.0990696,0.00199533,0.197001,0.146
317.0,0.0729966,0.00200152,0.0840085,0.00199246
282.0,0.0899975,0.00300074,0.171997,0.115999
284.0,0.128002,0.00200057,0.12464,0.00199938
323.0,0.138,0.00300121,0.121,0.00699997
297.0,0.150001,0.00300121,0.15,0.00300455
340.0,0.0630038,0.00300097,0.069001,0.00299668
239.0,0.0569994,0.00200129,0.0600002,0.00300121
262.0,0.0650041,0.00200081,0.0800056,0.00299549
290.0,0.151001,0.00199938,0.156003,0.00299835
293.0,0.0979996,0.00200057,0.224998,0.172999
317.0,0.132005,0.0019989,0.135999,0.00300074
320.0,0.174003,0.00199556,0.221003,0.088002
367.0,0.0779991,0.00300097,0.0970018,0.00300837
224.0,0.103997,0.00300407,0.0990012,0.00200057
295.0,0.0920029,0.00300097,0.102998,0.00900412
291.0,0.165091,0.00200462,0.173014,0.0510011
325.0,0.154998,0.00200486,0.245997,0.111995
339.0,0.124,0.00300407,0.129999,0.00399971
307.0,0.0989962,0.00200081,0.123996,0.00300455
286.0,0.175,0.00200033,0.219999,0.00200129
388.0,0.131001,0.00299835,0.179003,0.0850008
264.0,0.141999,0.00200152,0.243,0.150003
332.0,0.147001,0.00199866,0.240999,0.142
341.0,0.102002,0.00299954,0.112995,0.00200033
319.0,0.0560033,0.00199914,0.0640042,0.00299764
262.0,0.0779924,0.00300145,0.0840006,0.00200105
283.0,0.120998,0.0030005,0.116999,0.00300193
368.0,0.163004,0.00300407,0.216002,0.0830011
359.0,0.164188,0.00200057,0.288,0.262001
358.0,0.0630021,0.00299549,0.072999,0.00299835
239.0,0.0919979,0.00200081,0.129995,0.0370016
302.0,0.117001,0.00200033,0.142,0.00200152
352.0,0.124999,0.00200248,0.124997,0.00700355
325.0,0.119998,0.00299811,0.246999,0.158003
321.0,0.202997,0.00200081,0.381999,0.351002
344.0,0.140999,0.00200009,0.152,0.002002
336.0,0.0910006,0.00199676,0.141001,0.0730028
287.0,0.0790005,0.00300097,0.160002,0.0849988
277.0,0.141999,0.00200343,0.153007,0.00299668
363.0,0.0969996,0.00300097,0.0940013,0.00199795
328.0,0.181068,0.00300097,0.257996,0.144002
432.0,0.123999,0.00300097,0.254994,0.136002
290.0,0.144999,0.00200272,0.264008,0.166989
390.0,0.312998,0.00300121,0.655999,0.697005
487.0,0.206998,0.00300002,0.235995,0.0100024
336.0,0.182995,0.00200391,0.227,0.00499964
410.0,0.196002,0.00299883,0.258005,0.00299764
356.0,0.138003,0.00299692,0.188993,0.00300145
394.0,0.150002,0.00299907,0.406036,0.438999
337.0,0.129002,0.00299907,0.259999,0.206007
337.0,0.169999,0.00300455,0.232996,0.0330024
412.0,0.251998,0.00200033,0.301997,0.00300002
419.0,0.271999,0.00300527,0.317451,0.0030005
429.0,0.171013,0.00299287,0.170013,0.00299883
337.0,0.0980062,0.00299597,0.214083,0.149001
294.0,0.149011,0.00199294,0.175001,0.00300026
397.0,0.203999,0.00300479,0.251001,0.0430017
412.0,0.189,0.00400209,0.262001,0.0978854
480.0,0.280998,0.00299978,0.308,0.0030055
411.0,0.152,0.00299931,0.183001,0.0040009
405.0,0.109002,0.00300026,0.141001,0.00300074
354.0,0.100995,0.0030005,0.122002,0.00400209
315.0,0.133004,0.00300097,0.148998,0.00300074
426.0,0.184003,0.00399899,0.309001,0.154995
402.0,0.134998,0.00299931,0.155008,0.00398898
363.0,0.147998,0.00200272,0.156999,0.00500011
369.0,0.0979984,0.00300097,0.102017,0.00199938
347.0,0.138,0.00300026,0.154047,0.00299883
410.0,0.185004,0.00199628,0.193014,0.00300336
398.0,0.215001,0.00200105,0.292473,0.100999
477.0,0.209002,0.0029974,0.410051,0.324343
394.0,0.135,0.0030005,0.128997,0.00300145
410.0,0.104,0.00300002,0.184999,0.0720055
335.0,0.112999,0.00300074,0.107999,0.0030036
391.0,0.216005,0.00299597,0.444002,0.412999
450.0,0.249998,0.00400138,0.257996,0.00300121
463.0,0.327999,0.0030005,0.784002,0.898999
538.0,0.175001,0.00300169,0.589,3.20553
386.0,0.0800016,0.00299883,0.138534,0.0530112
311.0,0.128004,0.00199962,0.125012,0.00300097
415.0,0.150001,0.00299621,0.150011,0.0030005
215.0,0.0289986,0.002002,0.0449955,0.0150001
225.0,0.0179977,0.002002,0.0180004,0.000998735
258.0,0.0220006,0.00099802,0.0239995,0.00200057
273.0,0.0369954,0.00100327,0.0418234,0.00400186
281.0,0.0279984,0.00200009,0.0290024,0.000999689
325.0,0.0179982,0.000998735,0.0169938,0.00200152
249.0,0.0289969,0.000999928,0.03,0.0010004
254.0,0.0229986,0.0010004,0.0209997,0.00200415
332.0,0.0320015,0.000999928,0.0340097,0.00200152
339.0,0.0610013,0.00199914,0.0740149,0.0070045
340.0,0.0219975,0.00199962,0.025001,0.00100088
321.0,0.0289955,0.00200009,0.0330007,0.00099802
323.0,0.0460017,0.00199842,0.0430002,0.000998497
348.0,0.0639987,0.00200009,0.057013,0.00200272
385.0,0.0300035,0.00100279,0.026,0.00200319
408.0,0.0229971,0.00200009,0.0590189,0.0269985
335.0,0.0240006,0.00200057,0.0432661,0.0119994
370.0,0.0209961,0.000999451,0.024996,0.00100255
390.0,0.0399983,0.00200272,0.041013,0.00200129
342.0,0.0439997,0.00200462,0.046,0.000999212
386.0,0.0359974,0.000999212,0.0530162,0.015003
412.0,0.0509987,0.00200057,0.0770185,0.0319979
411.0,0.0339949,0.00200057,0.0550103,0.020999
399.0,0.0269992,0.00200248,0.0270014,0.00199771
343.0,0.0260055,0.000998974,0.029002,0.00200057
339.0,0.0380006,0.00100112,0.0450003,0.00300097
403.0,0.065001,0.00200176,0.0739968,0.00100064
426.0,0.0710003,0.00200033,0.069001,0.002002
498.0,0.0569937,0.00200129,0.0590146,0.00899982
472.0,0.0449948,0.00200152,0.0389996,0.00199962
410.0,0.0449996,0.00300026,0.039016,0.00199914
421.0,0.0399985,0.00200129,0.0650146,0.0260005
472.0,0.0560026,0.00199699,0.0729978,0.0120008
528.0,0.0749946,0.00200224,0.150999,0.0740011
541.0,0.0279975,0.00200105,0.069,0.0330005
458.0,0.0480018,0.00200057,0.0799999,0.0319996
401.0,0.0450029,0.000999212,0.0439987,0.00300026
508.0,0.0469961,0.00199986,0.0800009,0.0460029
463.0,0.043999,0.00200248,0.0430033,0.00199676
403.0,0.0440004,0.00200152,0.0390024,0.00200009
445.0,0.0389972,0.00200319,0.0389955,0.00200248
453.0,0.0289974,0.00199962,0.0290017,0.00200009
381.0,0.0449979,0.00200224,0.0829983,0.0370009
351.0,0.067997,0.00200129,0.103004,0.0259976
439.0,0.0619998,0.00200057,0.0610137,0.00200272
494.0,0.0930014,0.00300002,0.0920124,0.00199986
529.0,0.0630057,0.00199795,0.0693133,0.0059979
503.0,0.0500021,0.00299668,0.0520022,0.0019989
450.0,0.107002,0.00199962,0.122002,0.0139992
489.0,0.0730019,0.00199914,0.0720162,0.00200105
517.0,0.179,0.00199986,0.197001,0.0309982
583.0,0.092,0.002002,0.107001,0.0240023
611.0,0.116002,0.00199914,0.110997,0.00299978
561.0,0.0810006,0.00199771,0.0909967,0.00200272
563.0,0.0549994,0.00300097,0.0629954,0.00300312
529.0,0.0940053,0.00199819,0.164001,0.0910022
559.0,0.0679994,0.00200224,0.0720041,0.00199866
572.0,0.121,0.00200105,0.214997,0.0830023
590.0,0.052002,0.00300097,0.0620034,0.00199842
545.0,0.103,0.00200081,0.0990005,0.0030005
476.0,0.096005,0.00300121,0.144998,0.0540037
518.0,0.0729985,0.00200295,0.0979955,0.0179994
531.0,0.099,0.00199866,0.110997,0.00200152
566.0,0.156996,0.00299811,0.199001,0.0500009
593.0,0.191,0.00200176,0.437,0.417542
637.0,0.0539989,0.00200105,0.0590098,0.00300384
547.0,0.115999,0.00300121,0.119015,0.00200057
479.0,0.0580006,0.00200176,0.0630155,0.0010016
544.0,0.155998,0.00200224,0.333052,0.273026
562.0,0.146997,0.00200033,0.202034,0.0510128
600.0,0.151001,0.00300074,0.141015,0.00299859
604.0,0.112998,0.00200248,0.10802,0.00300097
557.0,0.176006,0.00199866,0.218029,0.0380006
621.0,0.0540011,0.00199962,0.117026,0.079004
598.0,0.190997,0.00300193,0.438725,0.434999
553.0,0.113,0.00300241,0.119999,0.00299907
618.0,0.114997,0.0030055,0.292002,0.254003
619.0,0.0879993,0.00300574,0.251,0.213999
553.0,0.0660002,0.00300193,0.0710011,0.00299764
509.0,0.111999,0.00200081,0.181999,0.0400014
612.0,0.153002,0.00300121,0.330863,0.272001
680.0,0.100001,0.00300026,0.102999,0.00299931
664.0,0.0690012,0.00299978,0.193003,0.155999
568.0,0.121997,0.0030005,0.140997,0.0109997
503.0,0.108999,0.00200057,0.153996,0.0690038
610.0,0.0780027,0.00299883,0.134003,0.0700037
626.0,0.139002,0.00299764,0.150997,0.0030036
593.0,0.15,0.00200295,0.15,0.00300241
602.0,0.122999,0.0030036,0.133999,0.0159998
631.0,0.108999,0.00300241,0.101997,0.00300169
589.0,0.0809968,0.00300026,0.117,0.0559967
535.0,0.109999,0.00199986,0.108,0.00199842
596.0,0.133002,0.00199914,0.129001,0.00200152
651.0,0.151001,0.00199938,0.147999,0.00300264
712.0,0.0829976,0.00299978,0.144525,0.078001
668.0,0.196001,0.00300074,0.209523,0.00300074
638.0,0.243999,0.00300074,0.429001,0.259999
801.0,0.184997,0.00300193,0.189997,0.00300193
763.0,0.304996,0.0030055,0.306999,0.00300121
695.0,0.117004,0.00199938,0.191999,0.119
692.0,0.218001,0.00300646,0.204997,0.00300241
705.0,0.122,0.00300121,0.115002,0.00299644
672.0,0.131002,0.00300002,0.174001,0.0689998
628.0,0.159,0.00199938,0.295966,0.223006
701.0,0.229993,0.00300145,0.244996,0.00300145
753.0,0.192002,0.00299954,0.193003,0.00300193
775.0,0.145997,0.00300169,0.133003,0.00400066
707.0,0.123,0.00300169,0.120998,0.00299883
592.0,0.172,0.0030005,0.247997,0.0630007
646.0,0.128998,0.00199986,0.141002,0.00199962
755.0,0.257997,0.00200224,0.272996,0.00200081
842.0,0.215998,0.00200129,0.451998,0.423
809.0,0.222001,0.00299931,0.217,0.0030005
763.0,0.158,0.00299907,0.281014,0.197002
719.0,0.0999994,0.00300145,0.111536,0.00300026
626.0,0.149999,0.00200224,0.305999,0.236534
698.0,0.109006,0.00199676,0.183741,0.100519
771.0,0.154,0.00300217,0.167015,0.00300241
717.0,0.164999,0.00300002,0.159036,0.00299644
680.0,0.125997,0.00299931,0.124535,0.0030005
684.0,0.141,0.00300002,0.181,0.0280004
710.0,0.163,0.00200081,0.245998,0.0710042
747.0,0.197001,0.00299788,0.191997,0.00199986
815.0,0.188,0.00200057,0.229013,0.0969996
804.0,0.213999,0.00300074,0.220997,0.00299931
766.0,0.118998,0.00300002,0.119003,0.00300241
700.0,0.127999,0.00299978,0.121994,0.00299931
692.0,0.159,0.00300002,0.161002,0.00299788
778.0,0.191999,0.00200009,0.287,0.140004
843.0,0.323997,0.00200129,0.326001,0.00399923
905.0,0.188997,0.00500202,0.184001,0.00399852
857.0,0.143998,0.00400472,0.152996,0.00400257
668.0,0.169996,0.00299978,0.205017,0.0289962
688.0,0.130998,0.00199866,0.231003,0.126003
311.0,0.0390053,0.00199413,0.0389993,0.00199962
343.0,0.0440013,0.00199819,0.0490005,0.00200558
367.0,0.0589983,0.002002,0.148004,0.105996
402.0,0.0749986,0.00200033,0.0729966,0.00200033
418.0,0.0369973,0.00199986,0.037998,0.002002
386.0,0.0620027,0.00199842,0.0650005,0.00300002
380.0,0.0600028,0.00200057,0.0570016,0.00199962
413.0,0.0379944,0.00200033,0.0469975,0.00200129
459.0,0.0959961,0.00200105,0.0970011,0.00299931
480.0,0.05,0.00300002,0.0500028,0.00399971
464.0,0.0810013,0.00299692,0.0710053,0.00199676
474.0,0.0809999,0.00300145,0.0740032,0.00199747
469.0,0.105001,0.00200129,0.0919936,0.00300026
520.0,0.0380032,0.00199842,0.0379989,0.00199747
560.0,0.0460024,0.00300097,0.0459974,0.00300336
523.0,0.0760005,0.00300074,0.0850046,0.00299525
546.0,0.042001,0.00299907,0.102,0.0579998
511.0,0.0519991,0.0029974,0.0470028,0.00299668
540.0,0.0980008,0.00200152,0.0940044,0.00499845
524.0,0.0730007,0.00299788,0.076997,0.00300217
555.0,0.0839999,0.00299859,0.082,0.00200105
593.0,0.0570061,0.00299907,0.0560005,0.00299978
579.0,0.0589981,0.00300002,0.103999,0.0430028
524.0,0.0690014,0.00299788,0.0699995,0.00300336
518.0,0.0729985,0.00300741,0.0690022,0.00299931
515.0,0.126001,0.00299931,0.122929,0.00300002
587.0,0.117995,0.00299954,0.218005,0.177998
632.0,0.104,0.00300121,0.143998,0.0460041
682.0,0.0920012,0.00300074,0.0869989,0.00400257
628.0,0.104999,0.0030005,0.104001,0.00400162
608.0,0.103999,0.00300097,0.0999999,0.00299859
641.0,0.11,0.00300002,0.111,0.00300002
717.0,0.121999,0.00400162,0.197999,0.0979998
753.0,0.0720022,0.00299883,0.209003,1.11704
699.0,0.0979974,0.00399995,0.107,0.00400281
649.0,0.0899987,0.00400186,0.0999987,0.00400138
655.0,0.0690029,0.00400066,0.0649972,0.0030005
648.0,0.0759957,0.00300264,0.0839989,0.00300241
658.0,0.095,0.00300121,0.0920012,0.0030036
596.0,0.0919995,0.00299835,0.0859988,0.00299931
643.0,0.0749972,0.00300121,0.120004,0.054997
590.0,0.0900044,0.0039947,0.189999,0.133002
542.0,0.120003,0.00199699,0.171999,0.055002
566.0,0.101,0.00300717,0.0979955,0.00200272
646.0,0.139997,0.00500083,0.152999,0.0030005
725.0,0.101004,0.00299907,0.102,0.00400281
722.0,0.101996,0.00399971,0.156005,0.0499959
687.0,0.198999,0.00362253,0.441002,0.443995
674.0,0.137004,0.00399709,0.135,0.00399899
691.0,0.259,0.00300169,0.598002,0.693999
797.0,0.146,0.00299954,0.364016,0.343004
806.0,0.211996,0.00400066,0.200999,0.00399876
847.0,0.19,0.00399947,0.202998,0.00500107
779.0,0.110999,0.00400281,0.138,0.0300021
791.0,0.168999,0.00399923,0.160996,0.0100017
778.0,0.169001,0.00299811,0.371,2.08452
787.0,0.204,0.00400114,0.226996,0.00800204
833.0,0.113997,0.00400305,0.284525,0.219001
777.0,0.172996,0.00400186,0.430998,0.443004
744.0,0.186998,0.00700188,0.327998,0.212
699.0,0.159998,0.00299978,0.151002,0.00399804
741.0,0.177998,0.00300097,0.515996,4.20108
764.0,0.248,0.00400376,0.266013,0.0039978
793.0,0.345002,0.00400138,0.941009,7.88222
853.0,0.119002,0.00400114,0.246997,0.115
792.0,0.215002,0.00499749,0.207998,0.00800204
756.0,0.172997,0.00299478,0.251002,0.104998
709.0,0.217004,0.00400066,0.490022,0.458038
772.0,0.262996,0.00300097,0.671998,5.49203
799.0,0.290999,0.00400138,0.413998,0.164526
820.0,0.232998,0.00299978,0.359,0.232004
820.0,0.355,0.00300121,0.372998,0.00300074
848.0,0.115999,0.00400162,0.132001,0.00399899
815.0,0.282001,0.00799823,0.282999,0.00500584
841.0,0.280997,0.00399947,0.261998,0.00300193
809.0,0.194002,0.00399899,0.176997,0.00400257
851.0,0.188,0.00400043,0.189,0.00499964
812.0,0.145001,0.00499916,0.380002,2.60201
771.0,0.271996,0.00400186,0.267998,0.00300097
803.0,0.272002,0.00600171,0.708515,0.901602
878.0,0.228001,0.00500083,0.443999,2.529
959.0,0.148,0.00500011,0.165999,0.00600386
845.0,0.213999,0.00500226,0.328003,0.205
793.0,0.239,0.00399828,0.244999,0.00400591
783.0,0.144998,0.00499988,0.154001,0.00399756
865.0,0.249005,0.00399566,0.314001,0.086997
858.0,0.301997,0.00400233,0.495999,0.349002
835.0,0.225,0.00400209,0.256996,0.0100021
853.0,0.183997,0.00400186,0.196997,0.00400066
847.0,0.174003,0.00500202,0.179013,0.00500321
800.0,0.244999,0.00599933,0.245,0.00500178
821.0,0.229,0.00400162,0.237998,0.00399828
848.0,0.286001,0.00400186,0.293,0.0150037
998.0,0.198006,0.00399923,0.209998,0.0050025
917.0,0.378998,0.00499892,0.522018,0.334998
964.0,0.564999,0.0050025,0.801534,0.377048
1000.0,0.305002,0.00400019,0.294033,0.00300169
1033.0,0.491994,0.00500131,0.438046,0.00399804
1052.0,0.256999,0.00500464,0.251934,0.00400019
946.0,0.339003,0.00399804,0.37595,0.0790172
1001.0,0.272001,0.00400019,0.549983,3.60299
941.0,0.231999,0.00399971,0.249003,0.00499988
928.0,0.394997,0.00300145,0.355,0.00500131
954.0,0.349,0.00300193,0.357997,0.00900245
994.0,0.502998,0.00300026,0.428015,0.00300169
1074.0,0.303998,0.00500417,0.553001,3.90458
1020.0,0.246998,0.00600028,0.230013,0.00599837
924.0,0.357999,0.00499964,0.351997,0.0119998
900.0,0.310004,0.00599766,0.308998,0.00400114
969.0,0.532005,0.00399303,0.417,0.00300407
1121.0,0.492997,0.00500035,0.410008,0.00400257
1121.0,0.374,0.00599742,0.694001,3.42527
1109.0,0.357003,0.00599623,0.305998,0.00599766
1032.0,0.195001,0.006001,0.188998,0.00500107
951.0,0.337005,0.00500011,0.348997,0.00500107
971.0,0.245,0.00399899,0.500999,2.90802
1018.0,0.255995,0.00500059,0.56,3.92509
1035.0,0.295998,0.006001,0.324998,0.00600052
996.0,0.321996,0.00400138,0.345997,0.0780013
956.0,0.317995,0.00500321,0.434554,0.168002
1008.0,0.362994,0.00400162,0.316999,0.00299835
1001.0,0.412004,0.00499821,0.664,0.585002
1121.0,0.343999,0.00400233,0.575997,0.450002
1100.0,0.359999,0.00500107,0.333994,0.00600195
1120.0,0.218001,0.00600004,0.223997,0.00700283
1017.0,0.304001,0.00399923,0.317006,0.0369978
1020.0,0.358996,0.00300384,0.595997,0.455001
1048.0,0.344001,0.00299835,0.41,0.123
1134.0,0.622007,0.00598812,0.525996,0.00400138
1218.0,0.341996,0.006006,0.396,0.0699961
1183.0,0.260998,0.00700498,0.491998,2.418
1084.0,0.395,0.00699925,0.391,0.00500417
1000.0,0.309998,0.00899911,0.294002,0.00599885
423.0,0.0569987,0.00200105,0.0639977,0.00200391
436.0,0.0839996,0.002002,0.135,0.0649974
489.0,0.107999,0.00299978,0.0960002,0.00300527
517.0,0.0539999,0.00300455,0.0890007,0.0419981
470.0,0.0870025,0.00299978,0.0999954,0.0110047
500.0,0.0949984,0.00300145,0.106003,0.00899982
524.0,0.0749984,0.00300217,0.0730042,0.00299668
535.0,0.112,0.00300169,0.119997,0.00299907
587.0,0.0699997,0.00300145,0.0640008,0.00400209
590.0,0.145999,0.00399971,0.126,0.00299931
595.0,0.111002,0.00499797,0.25759,0.208995
605.0,0.170996,0.00300074,0.350001,0.333001
628.0,0.0730007,0.00399637,0.0629992,0.00299978
693.0,0.0610001,0.00300145,0.0580025,0.0040009
664.0,0.166996,0.00399971,0.248997,0.117002
708.0,0.078002,0.00400329,0.0919988,0.00900149
675.0,0.0980027,0.00400066,0.216002,0.180004
656.0,0.142998,0.00399852,0.121001,0.00399756
706.0,0.126998,0.00299883,0.110998,0.00399947
681.0,0.111001,0.0030005,0.155999,0.0360022
724.0,0.0700004,0.00400114,0.0790014,0.00600076
750.0,0.0730026,0.00399566,0.0780025,0.00499773
693.0,0.0940001,0.00400114,0.103001,0.0209973
685.0,0.121998,0.00400233,0.322,1.91353
685.0,0.156003,0.00399566,0.161009,0.00400209
688.0,0.161994,0.00300002,0.151,0.0040009
782.0,0.166001,0.00400448,0.388999,2.671
805.0,0.114999,0.00500107,0.185997,0.094002
827.0,0.166999,0.00500083,0.15058,0.00600314
804.0,0.175996,0.0050025,0.375,2.35558
805.0,0.165007,0.00399423,0.155002,0.00399876
865.0,0.205001,0.00500059,0.229,0.0670023
928.0,0.129,0.00500107,0.11655,0.00600004
890.0,0.162,0.00700283,0.202002,0.0559967
873.0,0.160999,0.00500345,0.265995,0.140001
887.0,0.123999,0.00400186,0.126,0.006001
791.0,0.148998,0.00500131,0.207396,0.0749962
836.0,0.162004,0.00399399,0.214088,0.0719974
832.0,0.146996,0.0049994,0.139995,0.0050025
774.0,0.0989997,0.00400424,0.104004,0.0049994
756.0,0.146001,0.00500369,0.228997,0.0990052
735.0,0.185999,0.00400162,0.170001,0.00500011
737.0,0.181997,0.00400329,0.183996,0.00400233
759.0,0.209003,0.00400424,0.204004,0.00399804
854.0,0.154002,0.00500035,0.273996,0.2
908.0,0.169001,0.00599813,0.175,0.00600052
888.0,0.289,0.00500321,0.250995,0.0120015
880.0,0.205001,0.00499821,0.196001,0.00500202
860.0,0.372999,0.00400043,0.298999,0.00399899
952.0,0.229003,0.00499797,0.32002,0.154996
996.0,0.316997,0.00600362,0.615533,3.972
1017.0,0.292998,0.00600004,0.289001,0.00600195
1031.0,0.221001,0.006001,0.199998,0.0059998
989.0,0.275006,0.006001,0.241997,0.00600219
1021.0,0.349,0.00599861,0.395003,0.163995
982.0,0.297998,0.00600219,0.294997,0.00500345
1028.0,0.159994,0.00600195,0.153999,0.00900412
999.0,0.284002,0.00599885,0.348003,0.159268
948.0,0.291002,0.00699806,0.542001,0.472001
941.0,0.305,0.00400329,0.295,0.0109997
896.0,0.247,0.00300121,0.246002,0.00500154
948.0,0.310999,0.004004,0.342013,0.0410032
970.0,0.463,0.00500202,0.454,0.00500274
1029.0,0.185001,0.00599909,0.307516,0.178004
985.0,0.275,0.00400114,0.327996,0.111001
973.0,0.252999,0.0059979,0.267997,0.00600028
955.0,0.350997,0.00500083,0.536018,0.274998
919.0,0.342994,0.00400376,0.320132,0.00499892
983.0,0.354005,0.00599885,0.831997,6.04376
989.0,0.327,0.00599933,0.311,0.00600171
1011.0,0.521003,0.0059967,0.508998,0.00700021
1063.0,0.230002,0.00599933,0.297,0.119014
1024.0,0.467957,0.00699878,0.395001,0.00600195
1031.0,0.428002,0.00599813,0.830998,6.23687
1051.0,0.335998,0.008003,0.310891,0.00800037
1024.0,0.269001,0.0049994,0.254084,0.00500154
1009.0,0.214996,0.00699973,0.210073,0.0109975
1007.0,0.408997,0.00600362,0.369037,0.00400186
1030.0,0.434,0.00399876,0.533408,0.277289
1038.0,0.314002,0.00399923,0.52096,0.374166
1132.0,0.225568,0.00699902,0.209994,0.0080018
1114.0,0.315003,0.00499821,0.304014,0.00600171
1052.0,0.380353,0.006001,0.331002,0.00599909
1040.0,0.263996,0.00500107,0.257987,0.00599933
1017.0,0.337999,0.00600028,0.303998,0.00899959
1072.0,0.480003,0.00400114,0.414066,0.00600052
1066.0,0.319281,0.00799537,0.638003,3.78707
1063.0,0.268998,0.00699997,0.559107,3.31468
1048.0,0.243001,0.006001,0.278838,0.0189986
1035.0,0.450003,0.00699878,0.396003,0.00700331
1049.0,0.361003,0.00699711,0.313995,0.0040009
1047.0,0.439999,0.00699973,0.432012,0.00699854
1172.0,0.298006,0.00699663,0.467054,2.661
1172.0,0.457995,0.006001,0.851034,4.86461
1184.0,0.843997,0.00599933,1.54553,11.8454
1265.0,0.466051,0.00600338,0.415,0.00700188
1207.0,0.64688,0.00800443,0.699045,0.242998
1291.0,0.469998,0.00700045,0.426,0.0120027
1271.0,0.566497,0.006001,0.915049,4.94534
1220.0,0.422058,0.00700593,0.361013,0.00500298
1210.0,0.397027,0.0079968,0.384055,0.00600433
1168.0,0.539002,0.00800228,0.457001,0.00699759
1208.0,0.502078,0.0079999,0.580999,0.144
1219.0,0.697993,0.00900149,0.593,0.00700045
1265.0,0.392828,0.0090127,0.643,3.93603
1283.0,0.339002,0.00899696,0.288,0.00600243
1207.0,0.530998,0.00800276,0.505997,0.00700188
1182.0,0.555004,0.00499845,0.480037,0.0070014
1187.0,0.606018,0.00700283,0.592,0.0070014
1296.0,0.620964,0.006001,0.588996,0.00500393
1360.0,0.598048,0.00899673,0.794317,3.52331
1384.0,0.475998,0.00600123,0.424997,0.0110016
1330.0,0.307004,0.00999689,0.307998,0.0129995
1248.0,0.501051,0.00900078,0.493998,0.0060029
1253.0,0.431002,0.00699806,0.435001,0.00699854
1257.0,0.316055,0.00700235,0.313998,0.00699997
1260.0,0.4641,0.00799966,0.417,0.0210001
1279.0,0.513,0.00899911,0.423001,0.00699997
1228.0,0.566,0.00800347,0.479,0.00800014
1234.0,0.558997,0.00800157,0.779052,3.55013
1273.0,0.528003,0.00900054,0.521067,0.00600195
1340.0,0.454001,0.00799847,0.424997,0.00600028
1370.0,0.536003,0.00899506,0.466196,0.00899792
1392.0,0.377,0.00800157,0.436999,0.231001
1342.0,0.399,0.00700212,0.394001,0.00700068
1299.0,0.56703,0.00799918,0.53422,0.00500131
1330.0,0.636045,0.00500131,0.933178,4.50349
1382.0,0.770006,0.00599885,0.767003,0.0719991
1469.0,0.443046,0.00900292,0.565,0.193003
1465.0,0.412001,0.010998,0.36498,0.0120015
1381.0,0.674998,0.0110021,0.561045,0.00701022
1362.0,0.566,0.00799751,0.479004,0.00899887
508.0,0.129996,0.00300503,0.118002,0.00299954
548.0,0.121999,0.00500107,0.331999,0.342
587.0,0.0739992,0.0030005,0.0819983,0.00900364
565.0,0.127002,0.00400019,0.117998,0.00399756
573.0,0.126999,0.00300026,0.117998,0.00300121
629.0,0.103999,0.00400043,0.344998,0.383003
633.0,0.179999,0.00399852,0.260922,0.116013
654.0,0.0769885,0.00400138,0.196999,0.156003
691.0,0.135,0.00400186,0.204998,0.0830002
705.0,0.148,0.00499845,0.141,0.00499892
717.0,0.231997,0.00300169,0.531465,4.14509
749.0,0.126044,0.00499868,0.158,0.048003
789.0,0.0929964,0.00399995,0.251001,1.307
784.0,0.212002,0.00500011,0.367064,0.312116
825.0,0.113499,0.00499582,0.102002,0.00500011
824.0,0.138998,0.00600123,0.345,0.347001
804.0,0.19006,0.00400043,0.180001,0.00900102
809.0,0.150998,0.00500083,0.299999,0.23906
850.0,0.183001,0.00499868,0.459999,3.10201
838.0,0.119001,0.00500154,0.121,0.00499773
874.0,0.108,0.00500274,0.0990062,0.00499153
858.0,0.190624,0.00600171,0.145001,0.00599909
845.0,0.159,0.00499821,0.172001,0.0160067
836.0,0.224606,0.00500321,0.218996,0.00500178
850.0,0.187001,0.00500083,0.359002,0.291996
873.0,0.177,0.00499868,0.405175,0.447999
941.0,0.190002,0.0059998,0.304999,0.175003
942.0,0.224996,0.00599861,0.335211,0.221001
987.0,0.222466,0.00600123,0.215997,0.00600266
981.0,0.217006,0.00599504,0.279003,0.0929985
1022.0,0.253,0.00400162,0.218,0.00600004
1059.0,0.159001,0.00699925,0.136003,0.0070014
1049.0,0.251999,0.00699806,0.214,0.00800347
1044.0,0.262,0.00699973,0.332,0.166002
1096.0,0.184001,0.0070014,0.168,0.00600481
1006.0,0.214994,0.00700092,0.179,0.00700212
960.0,0.21934,0.00600052,0.183003,0.0059998
994.0,0.218999,0.00799966,0.192996,0.00700116
992.0,0.139,0.00600123,0.142003,0.00700188
880.0,0.199003,0.00599861,0.424996,2.57518
887.0,0.253002,0.00599885,0.242905,0.0040009
915.0,0.246001,0.00399828,0.207,0.00499964
903.0,0.291004,0.00400019,0.646999,5.03413
953.0,0.178998,0.00600052,0.169002,0.00599909
1027.0,0.206998,0.00700068,0.352999,1.74305
1054.0,0.382994,0.00700068,0.336996,0.00700188
1071.0,0.259997,0.0140021,0.252071,0.00600028
1048.0,0.39106,0.00700116,0.683,3.42759
1111.0,0.273998,0.006001,0.437997,0.310004
1138.0,0.413999,0.00700212,0.367016,0.00800371
1186.0,0.322002,0.00899792,0.581002,3.06904
1182.0,0.259045,0.00800157,0.457156,1.98
1219.0,0.388,0.00699997,0.654,3.62111
1200.0,0.343998,0.00600338,0.365044,0.00800133
1182.0,0.434049,0.006001,0.601,2.694
1204.0,0.210001,0.00800061,0.194997,0.00700235
1184.0,0.288996,0.00800133,0.265511,0.00700164
1150.0,0.395001,0.0079987,0.379046,0.00700068
1119.0,0.461999,0.00700617,0.588,0.364064
1109.0,0.344995,0.00800157,0.333001,0.00500083
1088.0,0.394993,0.008003,0.778069,5.18943
1140.0,0.637996,0.00800085,0.554998,0.00500107
1176.0,0.244999,0.00700116,0.391355,0.329001
1143.0,0.378998,0.00700092,0.625067,3.91258
1151.0,0.338999,0.00799823,0.359003,0.00800204
1151.0,0.486121,0.0140007,0.531994,0.00900078
1135.0,0.409,0.00700092,0.435001,0.00799942
1112.0,0.435535,0.00500512,0.562997,0.158998
1156.0,0.322178,0.00800014,0.555058,0.497999
1165.0,0.6394,0.00800061,1.25101,8.36275
1225.0,0.277004,0.0059967,0.370002,0.145
1226.0,0.5563,0.00899982,0.675002,0.351
1212.0,0.543086,0.00799894,0.702997,0.397
1220.0,0.346008,0.00899458,0.354071,0.00700164
1235.0,0.393998,0.00800467,0.499,0.24402
1161.0,0.301996,0.00900364,0.265997,0.00700331
1185.0,0.536997,0.00900507,0.467002,0.00700307
1236.0,0.512997,0.00800228,0.434,0.00500321
1248.0,0.474999,0.00600076,0.576135,0.255998
1272.0,0.266132,0.00999856,0.526,3.15216
1269.0,0.408998,0.0100105,0.360001,0.00900197
1293.0,0.511001,0.00899744,0.503995,0.0100029
1275.0,0.353998,0.00600171,0.379,0.0090065
1241.0,0.415043,0.00900102,0.602996,0.357998
1209.0,0.528045,0.00800061,0.476998,0.00900435
1250.0,0.443053,0.00899982,0.573003,0.311516
1268.0,0.371001,0.00900173,0.408183,0.0230038
1237.0,0.329998,0.0110002,0.393053,0.122925
1218.0,0.457073,0.00799704,0.458673,0.00899696
1254.0,0.436999,0.00900483,0.440035,0.00799942
1251.0,0.789861,0.00900388,1.1204,6.02303
1334.0,0.412001,0.0099988,0.554059,0.346999
1340.0,0.565998,0.0110023,0.577998,0.008003
1406.0,0.898041,0.00900126,0.907274,0.0110004
1454.0,0.533999,0.0220025,0.566002,0.0330029
1453.0,0.804363,0.0110004,0.705002,0.0300002
1440.0,0.468,0.0179985,0.486,0.00899911
1477.0,0.788049,0.0120027,1.12701,5.60952
1492.0,0.466998,0.0110006,0.800047,3.85662
1401.0,0.554066,0.00700092,0.511998,0.0150049
1398.0,0.666973,0.0110002,0.630048,0.0110006
1419.0,0.653997,0.0100031,0.891093,0.317591
1447.0,0.868004,0.0109966,0.756047,0.0110009
1467.0,0.428077,0.0100021,0.432002,0.0109997
1454.0,0.386999,0.0110054,0.521013,1.032
1454.0,0.739003,0.0079987,0.718016,0.0540059
1432.0,0.602039,0.00800133,0.628288,0.011003
1435.0,0.993,0.00699878,1.48706,7.55327
1483.0,0.689054,0.0120003,0.720585,0.0100017
1503.0,0.673005,0.00705409,0.591999,0.0110023
1589.0,0.606005,0.0120039,0.51147,0.0140071
1575.0,0.433998,0.0130031,0.421027,0.0170014
1517.0,0.679,0.0130024,0.994898,4.56036
1517.0,0.705,0.00900269,0.929997,4.10509
1501.0,0.493017,0.012001,0.519044,0.013005
1483.0,0.519997,0.00900173,0.640897,0.253
1482.0,0.507998,0.011435,0.505,0.00700212
1481.0,0.713999,0.00700188,0.897676,3.34463
1473.0,0.592108,0.0100002,0.602999,0.0110002
1470.0,0.795999,0.0110013,0.710003,0.00999832
1579.0,0.590047,0.012002,0.888995,0.534006
1569.0,0.668999,0.0130002,0.571999,0.0100024
1628.0,0.444002,0.0129991,0.386317,0.00899792
1590.0,0.629957,0.0140028,0.532067,0.0100033
1596.0,0.729999,0.0120022,1.1222,5.22001
1566.0,0.901111,0.0109966,1.17001,4.79978
1616.0,0.898998,0.00800157,0.913308,0.0120013
1690.0,0.587999,0.00999951,0.836048,3.932
1693.0,0.495079,0.0130031,0.444998,0.0149994
1635.0,0.669005,0.0159953,0.655997,0.0119989
1623.0,0.707549,0.0129986,0.832255,2.58411
604.0,0.156003,0.0129967,0.151002,0.00399733
642.0,0.0930007,0.00400209,0.0720024,0.00300169
627.0,0.161002,0.00699878,0.38739,2.87906
657.0,0.177997,0.00400162,0.389999,0.441998
693.0,0.141001,0.00399947,0.299999,0.321003
726.0,0.197003,0.00499892,0.304001,0.167997
739.0,0.117,0.0060041,0.0979974,0.0050025
750.0,0.178,0.00400019,0.168999,0.00500035
798.0,0.170002,0.00599885,0.411995,0.357001
819.0,0.243999,0.00499916,0.506025,0.541003
847.0,0.15228,0.00600553,0.165998,0.00499988
889.0,0.104002,0.00600243,0.14406,0.0520022
875.0,0.269001,0.0049994,0.489992,2.98004
937.0,0.150999,0.00600076,0.230998,0.14
930.0,0.195999,0.00600219,0.309052,1.23907
939.0,0.199998,0.00600004,0.312002,0.128999
943.0,0.211997,0.0059998,0.442,2.693
943.0,0.255059,0.00600004,0.499002,2.95418
980.0,0.143001,0.00699925,0.25606,0.71089
977.0,0.134,0.00700021,0.164999,0.0540018
974.0,0.199077,0.00700235,0.174001,0.00699854
995.0,0.182,0.00599957,0.182073,0.00700116
988.0,0.275001,0.00499916,0.354001,0.162002
988.0,0.232054,0.00699997,0.243002,0.00599575
1023.0,0.205001,0.00699878,0.193998,0.00700116
1021.0,0.212002,0.0069983,0.191004,0.00699615
1058.0,0.232073,0.00899792,0.241998,0.0170033
1095.0,0.287997,0.00600004,0.28,0.00700045
1153.0,0.29301,0.0069921,0.444,0.221998
1179.0,0.287999,0.00799918,0.265997,0.0079999
1203.0,0.189,0.00800014,0.204003,0.0429981
1171.0,0.256057,0.00899768,0.238001,0.00900149
1192.0,0.290001,0.00599933,0.471999,1.863
1250.0,0.227999,0.00899959,0.310998,0.140001
1202.0,0.287016,0.00899887,0.319999,0.113001
1158.0,0.284997,0.00800467,0.26,0.00600147
1110.0,0.230999,0.00699973,0.313,0.137
1141.0,0.171998,0.00800252,0.279996,0.173999
1085.0,0.260003,0.00799918,0.224999,0.0080061
998.0,0.324001,0.00599909,0.504,2.233
1051.0,0.266262,0.00706959,0.249001,0.00499916
1072.0,0.310998,0.00799799,0.318997,0.00700164
1082.0,0.200483,0.00700688,0.191,0.00700021
1121.0,0.259998,0.00600004,0.488042,2.73298
1165.0,0.446001,0.00599885,0.409,0.00600171
1218.0,0.304064,0.00899792,0.302004,0.00799823
1220.0,0.591014,0.00700164,0.52,0.00900221
1278.0,0.346997,0.00800133,0.536001,0.308997
1284.0,0.396999,0.00900102,0.421,0.00799823
1309.0,0.390007,0.0109966,0.656998,3.44501
1342.0,0.320026,0.00999928,0.473,1.578
1355.0,0.430001,0.0100005,0.430999,0.0110016
1408.0,0.500996,0.0100026,0.464003,0.030997
1346.0,0.494092,0.0119953,0.471,0.0100029
1388.0,0.287995,0.0109994,0.230995,0.0109999
1348.0,0.375994,0.0100045,0.552053,2.4432
1332.0,0.480997,0.0100031,0.466998,0.0100045
1297.0,0.550542,0.0100019,0.587004,0.231999
1257.0,0.394,0.00800085,0.393997,0.00899792
1278.0,0.474,0.00900459,0.500998,0.012001
1257.0,0.697943,0.00600004,0.947001,0.547001
1327.0,0.258003,0.0100005,0.282,0.0120003
1277.0,0.369071,0.00900054,0.366999,0.00700164
1295.0,0.397381,0.0100012,0.39401,0.0099895
1311.0,0.622005,0.00999594,0.513999,0.0110021
1305.0,0.565042,0.0100024,0.768999,3.641
1310.0,0.665998,0.0099988,0.580998,0.00800157
1263.0,0.340999,0.0070014,0.625998,3.052
1322.0,0.727003,0.010998,0.91205,0.426003
1352.0,0.302001,0.0100029,0.312004,0.0109973
1379.0,0.661004,0.0109966,0.975997,5.244
1398.0,0.597995,0.0120001,0.597001,0.0110011
1377.0,0.420997,0.0109994,0.399005,0.0109997
1393.0,0.414,0.0119953,0.379996,0.0100009
1352.0,0.405005,0.0119984,0.453997,0.168002
1327.0,0.635004,0.00799513,0.539995,0.00700164
1396.0,0.516001,0.0100038,0.553001,0.0479999
1440.0,0.657989,0.0100009,0.916995,4.332
1453.0,0.342062,0.00800085,0.334004,0.0129943
1398.0,0.436,0.0110006,0.591997,0.27
1435.0,0.499,0.00699878,0.774,3.225
1495.0,0.404928,0.0119998,0.429001,0.0100014
1455.0,0.498001,0.0130005,0.66,0.335015
1407.0,0.658001,0.0109994,1.105,5.608
1378.0,0.516999,0.0110025,0.473,0.0109997
1430.0,0.418999,0.0109997,0.709001,3.39701
1415.0,0.395996,0.0110013,0.377997,0.0100002
1394.0,0.541001,0.0120006,0.892998,4.51001
1417.0,0.501,0.0100002,0.507996,0.0120008
1432.0,0.697003,0.00699878,0.690999,0.00800109
1500.0,0.411002,0.0119982,0.740001,4.014
1482.0,0.637,0.0120027,0.914997,3.248
1548.0,1.089,0.0120056,1.536,6.208
1650.0,0.732003,0.0120027,0.661001,0.016001
1612.0,0.914,0.0150051,0.783999,0.0140035
1658.0,0.712998,0.0140007,0.622995,0.0130012
1612.0,0.763013,0.0109935,0.738002,0.0109985
1673.0,0.590002,0.00999904,0.711998,2.015
1655.0,0.715001,0.0120029,0.895999,3.606
1569.0,0.924,0.0140052,0.803999,0.013
1616.0,0.888011,0.00899076,0.753999,0.0100005
1636.0,1.034,0.0129991,0.894998,0.0150013
1668.0,0.648998,0.0130002,0.536999,0.0100005
1632.0,0.433002,0.0150006,0.628,2.203
1616.0,0.873546,0.0140014,0.749,0.00900078
1656.0,0.715001,0.0149984,0.702003,0.013998
1662.0,1.379,0.0140016,1.077,0.0100036
1683.0,1.02201,0.0139954,0.852001,0.013001
1675.0,0.711002,0.0149972,0.701998,0.0110028
1716.0,0.565996,0.015003,0.552002,0.0109992
1764.0,0.557005,0.0170021,0.606,0.162
1740.0,0.836003,0.0159974,0.829,0.0160012
1758.0,0.886998,0.016,0.768998,0.0149989
1732.0,0.608998,0.0150018,0.643996,0.0500031
1691.0,0.589,0.0130014,0.620998,0.188001
1687.0,0.688,0.0140021,0.608,0.015002
1670.0,0.721998,0.0120029,1.039,4.126
1697.0,0.854998,0.0150011,0.737999,0.0130002
1691.0,0.877,0.0150013,0.853997,0.015002
1748.0,0.725004,0.0139987,0.697997,0.0130031
1773.0,0.760999,0.017231,0.737,0.0180035
1803.0,0.551,0.0160029,0.633999,1.64
1809.0,0.776998,0.0170004,0.674998,0.0169997
1814.0,0.936995,0.0170019,0.981997,0.0700028
1833.0,1.114,0.0189986,1.085,0.0150008
1819.0,1.083,0.0150018,1.08008,0.0149982
1890.0,0.72,0.0140009,0.680005,0.116995
1896.0,0.581002,0.0179989,0.754001,2.60505
1849.0,0.942997,0.0190022,0.797999,0.0119987
1855.0,0.736999,0.0129995,0.713,0.0170012
690.0,0.0859976,0.00400019,0.0880005,0.00400043
680.0,0.175997,0.00500107,0.156,0.0120008
713.0,0.185998,0.00400233,0.158999,0.00400019
769.0,0.136004,0.00499439,0.197,0.0730054
786.0,0.237001,0.0059979,0.216,0.00499701
823.0,0.145002,0.00499725,0.131002,0.00599766
826.0,0.177997,0.00600123,0.329,0.251004
850.0,0.205003,0.00499654,0.217,0.00499797
903.0,0.288,0.00600195,0.252001,0.00500298
939.0,0.190999,0.00600147,0.158,0.00599766
974.0,0.127003,0.0059998,0.175,0.0679998
974.0,0.293002,0.00800133,0.260999,0.00500107
1015.0,0.180999,0.00600028,0.153999,0.00700378
1034.0,0.263994,0.00700068,0.214,0.00700307
1035.0,0.244003,0.0109985,0.482001,2.655
1068.0,0.228007,0.00799561,0.454,2.50301
1064.0,0.275992,0.00800085,0.293995,0.0230038
1062.0,0.153994,0.00600266,0.235002,0.0929973
1115.0,0.159006,0.00799704,0.295,1.325
1071.0,0.246999,0.00800037,0.408998,1.809
1098.0,0.242001,0.00800443,0.227,0.00800157
1130.0,0.365002,0.00800061,0.331999,0.00600028
1122.0,0.338,0.00800395,0.293,0.00600123
1144.0,0.272001,0.00800109,0.446001,1.919
1160.0,0.271002,0.00899696,0.217997,0.00800037
1132.0,0.268002,0.00999832,0.246001,0.00799727
1203.0,0.34,0.00900126,0.642,4.043
1244.0,0.395001,0.00899982,0.345003,0.00799847
1325.0,0.358004,0.00899625,0.314998,0.00700164
1348.0,0.216002,0.00999928,0.363002,1.104
1305.0,0.322996,0.0100005,0.28,0.0120022
1306.0,0.368999,0.0110004,0.519996,2.066
1380.0,0.293003,0.00999904,0.248003,0.012001
1345.0,0.291001,0.0119998,0.301997,0.0110002
1334.0,0.303,0.0170004,0.486996,1.74901
1292.0,0.305999,0.0100021,0.375999,0.155002
1246.0,0.207002,0.00999856,0.209997,0.0240009
1230.0,0.267004,0.0099988,0.241,0.0149989
1194.0,0.385995,0.0080018,0.342997,0.00900054
1151.0,0.325,0.00600076,0.479999,0.272003
1201.0,0.350999,0.00600147,0.364997,0.0150015
1236.0,0.279999,0.00900173,0.45,1.962
1241.0,0.297999,0.00899816,0.281011,0.00999045
1253.0,0.43554,0.00900006,0.437,0.0060041
1310.0,0.393004,0.0120003,0.377999,0.0600028
1355.0,0.604994,0.012002,0.844276,3.78726
1423.0,0.427999,0.0109997,0.434999,0.0110002
1431.0,0.532,0.0120003,0.600997,0.252
1447.0,0.486042,0.00900126,0.630999,1.765
1454.0,0.369001,0.0120008,0.362994,0.00800157
1509.0,0.583997,0.0120006,0.507999,0.012001
1529.0,0.485068,0.0129967,0.960997,6.431
1541.0,0.670002,0.00900173,0.730098,1.62608
1528.0,0.280064,0.0130007,0.308998,0.0129981
1524.0,0.344002,0.0129986,0.588057,2.36507
1487.0,0.612002,0.0119977,0.908997,0.777004
1459.0,0.528091,0.013,0.54,0.0130005
1416.0,0.516001,0.0119991,0.462,0.0190003
1420.0,0.537004,0.0119979,0.515998,0.0120006
1426.0,0.7322,0.0119975,0.988,0.585003
1437.0,0.337001,0.0119987,0.542998,2.382
1418.0,0.454001,0.0120051,0.405001,0.0129952
1425.0,0.443495,0.0109966,0.426,0.00799894
1441.0,0.558038,0.00801301,0.574,0.0120051
1458.0,0.622042,0.00800276,0.940004,4.283
1462.0,0.687997,0.0110011,0.616997,0.00800109
1443.0,0.446942,0.00999928,0.445,0.00699973
1424.0,0.870009,0.00798774,1.187,0.952153
1495.0,0.386029,0.00900126,0.369996,0.013
1500.0,0.625443,0.0139983,0.632102,0.0129993
1534.0,0.770994,0.0130038,1.128,0.952068
1538.0,0.565999,0.0140047,0.493994,0.0150011
1543.0,0.471998,0.0130019,0.411001,0.0130002
1509.0,0.420001,0.0130019,0.530999,0.197001
1495.0,0.651997,0.0130024,0.663002,0.0129998
1524.0,0.616062,0.00999832,0.612997,0.0109999
1585.0,0.65707,0.0130014,0.674001,0.0140014
1609.0,0.379538,0.0140028,0.394003,0.0139978
1566.0,0.488999,0.0140023,0.640006,0.219997
1547.0,0.63905,0.0120001,0.575995,0.0110002
1628.0,0.476,0.0139995,0.465003,0.0129969
1655.0,0.658999,0.0149977,0.562002,0.0110018
1601.0,0.817003,0.0139987,0.673999,0.0139995
1557.0,0.561999,0.0150042,0.776999,0.342001
1547.0,0.561005,0.0129919,0.484996,0.0110016
1570.0,0.52608,0.0150032,0.641001,2.062
1553.0,0.637037,0.0140009,0.634001,0.0139966
1574.0,0.705,0.0130007,0.608,0.012001
1575.0,0.941066,0.0140092,0.819002,0.00899959
1671.0,0.482991,0.0150032,0.448004,0.00900292
1636.0,0.769014,0.0159998,0.745,0.0100024
1676.0,1.47509,0.0160108,1.213,0.0150027
1769.0,0.724017,0.016001,0.69,0.016
1791.0,1.01905,0.0179982,1.232,4.149
1807.0,0.797063,0.0179989,0.706001,0.0110004
1807.0,1.03004,0.0170019,0.897002,0.0169995
1796.0,0.594002,0.0170026,0.602001,0.0169976
1827.0,0.795047,0.0160007,0.799998,0.123007
1791.0,0.889122,0.0169978,0.903996,0.0160029
1762.0,0.893004,0.0159969,0.869,0.013999
1820.0,1.17801,0.0169883,1.466,5.43
1834.0,0.677107,0.0169985,0.862,2.433
1818.0,0.525092,0.0170069,0.475002,0.013999
1773.0,0.955298,0.0169959,1.066,3.301
1800.0,0.896004,0.0169952,1.217,5.67401
1864.0,1.43028,0.018002,1.687,5.994
1876.0,0.997996,0.0210001,0.957999,0.0180035
1856.0,1.005,0.0190082,0.838996,0.018002
1869.0,0.632001,0.0189962,0.918004,3.327
1882.0,0.601046,0.0130007,0.542999,0.0180032
1915.0,0.930073,0.0199873,1.242,0.580002
1951.0,0.855935,0.0380063,0.844999,0.0160005
1944.0,0.762113,0.0190001,0.737999,0.0190024
1902.0,0.749048,0.0190017,0.661997,0.0180037
1890.0,0.725002,0.0189996,0.745999,0.0260007
1858.0,0.96736,0.018997,1.088,3.363
1874.0,0.964,0.0180042,0.990997,1.745
1889.0,1.03109,0.0170059,1.079,0.0199983
1936.0,0.799051,0.017997,1.09,3.194
1925.0,0.856484,0.0200007,1.284,6.007
1977.0,0.606065,0.0199997,0.733001,1.85801
1969.0,0.89543,0.0220006,0.771004,0.0240018
2011.0,1.16,0.0399988,1.04699,0.0190008
2021.0,1.572,0.0210016,1.213,0.015003
2042.0,1.39504,0.0220041,1.783,5.8
2075.0,0.705061,0.0180044,0.879012,1.343
2077.0,0.635007,0.019002,0.743996,0.330008
2037.0,0.856046,0.0220053,0.923002,0.0230012
2047.0,0.814002,0.0179982,0.872995,0.046998
727.0,0.143,0.00500083,0.186004,0.025996
761.0,0.218,0.00600052,0.213995,0.012002
816.0,0.166959,0.00499892,0.148001,0.00500107
860.0,0.284001,0.00600243,0.244996,0.00700283
879.0,0.173004,0.00599861,0.152997,0.00600243
897.0,0.252,0.00600123,0.518995,3.676
925.0,0.231997,0.00700021,0.241996,0.00600195
948.0,0.288003,0.00699949,0.598995,3.657
1020.0,0.220998,0.00700068,0.211,0.00700235
1062.0,0.145997,0.00800109,0.139994,0.00700212
1054.0,0.332004,0.00500131,0.357996,0.102004
1108.0,0.193001,0.00799966,0.186002,0.00800157
1107.0,0.249055,0.0079999,0.267999,0.0279984
1126.0,0.265062,0.0170043,0.313999,0.0340011
1158.0,0.287002,0.00899887,0.463,2.254
1180.0,0.313001,0.00799775,0.472,0.251998
1170.0,0.169062,0.0100007,0.198003,0.0269983
1191.0,0.154002,0.0099988,0.161997,0.0119996
1204.0,0.286999,0.0100157,0.411001,1.564
1183.0,0.239999,0.00900197,0.431996,1.306
1219.0,0.397047,0.00800085,0.388004,0.0100036
1252.0,0.356999,0.00700164,0.395001,0.0100014
1265.0,0.282,0.00999761,0.534999,2.747
1272.0,0.295031,0.00899935,0.291,0.0120037
1260.0,0.300999,0.0100024,0.487003,1.755
1276.0,0.337003,0.00899792,0.353,0.00900102
1342.0,0.364241,0.00900078,0.582,3.124
1409.0,0.393998,0.0120013,0.589,2.026
1487.0,0.268001,0.0140035,0.379999,0.196002
1442.0,0.363997,0.0130014,0.508003,0.786996
1434.0,0.439,0.013999,0.403993,0.0120139
1482.0,0.345003,0.0140004,0.408999,0.199007
1466.0,0.360003,0.00999904,0.451004,0.175998
1470.0,0.360676,0.0270002,0.389999,0.0129995
1457.0,0.367001,0.0129998,0.323998,0.014004
1412.0,0.276002,0.0119998,0.398994,1.22412
1332.0,0.274004,0.0109954,0.3,0.0090003
1331.0,0.46006,0.0119996,0.602002,0.472
1331.0,0.397001,0.010999,0.807999,3.946
1283.0,0.384092,0.0100012,0.485992,0.188003
1356.0,0.300993,0.0109999,0.481001,1.871
1377.0,0.330046,0.0109992,0.457003,0.812001
1358.0,0.522998,0.0109999,0.495998,0.0120127
1394.0,0.356999,0.0110016,0.661997,3.235
1444.0,0.711,0.0130067,0.625998,0.0110035
1545.0,0.513999,0.0130012,0.590004,1.52
1561.0,0.527002,0.0200028,0.517003,0.0139954
1583.0,0.498,0.0140004,0.678004,0.362001
1580.0,0.414002,0.0150073,0.43,0.0149994
1607.0,0.637,0.0159972,0.567,0.0140011
1659.0,0.568,0.0160007,0.562005,0.0170043
1655.0,0.755995,0.0179977,0.641,0.0149996
1704.0,0.401,0.0129986,0.525,1.354
1649.0,0.400017,0.016367,0.420986,0.0159981
1658.0,0.558999,0.0100062,0.756993,0.397001
1600.0,0.592001,0.0149994,0.650002,0.0500093
1570.0,0.530076,0.0109973,0.570021,0.0189922
1564.0,0.613068,0.0139992,0.625002,0.0159981
1562.0,0.785995,0.0140009,0.790998,0.0140009
1585.0,0.376004,0.0139987,0.526002,1.5953
1520.0,0.500379,0.00899959,0.660001,2.35082
1560.0,0.498995,0.0140002,0.516001,0.0140011
1563.0,0.746,0.0100017,1.0075,4.30005
1580.0,0.63026,0.0100038,0.646001,0.0140002
1601.0,0.768318,0.0110009,0.69013,0.0140014
1583.0,0.573999,0.0100009,0.541997,0.0270071
1585.0,0.864106,0.0139992,1.18,3.0599
1591.0,0.397998,0.0139999,0.536004,1.20902
1630.0,0.783078,0.0149999,0.768975,0.0620029
1640.0,0.738,0.0169976,1.30908,7.05406
1659.0,0.646004,0.00999904,0.593999,0.0159996
1684.0,0.517997,0.0139987,0.469002,0.0189981
1650.0,0.527997,0.0120025,0.637002,0.251999
1633.0,0.818044,0.0139999,1.1793,5.76768
1669.0,0.703036,0.0159831,0.693999,0.0150003
1696.0,0.749996,0.0150027,1.02801,3.22
1738.0,0.43125,0.0169942,0.578,1.489
1703.0,0.541998,0.0160019,0.750002,0.355041
1704.0,0.657061,0.0160038,0.673,0.0170021
1728.0,0.527999,0.0170016,0.518998,0.0113683
1780.0,0.641402,0.017,0.605002,0.0179946
1792.0,0.928998,0.0150018,1.26143,6.64682
1733.0,0.618927,0.017,0.911782,3.38281
1706.0,0.567,0.035002,0.771044,2.5953
1675.0,0.567904,0.0120013,0.731997,2.37308
1688.0,0.707004,0.0169973,0.842999,0.243999
1720.0,0.749005,0.0169992,0.663,0.0179989
1712.0,0.912961,0.0160012,0.878203,0.0160012
1791.0,0.601003,0.0180032,0.635,0.176002
1799.0,1.042,0.0180018,1.20004,4.04604
1815.0,1.54301,0.0160596,2.05101,10.5573
1880.0,0.85605,0.0180018,1.19422,5.67165
1901.0,0.953035,0.0160022,1.18002,2.92671
1971.0,0.808046,0.0209999,0.811998,0.0220034
1943.0,0.959997,0.0210035,1.22,2.91304
1977.0,0.672054,0.0210001,0.675,0.0210001
1937.0,0.889,0.0210021,0.747999,0.0190001
1948.0,1.022,0.0210028,1.02406,0.0910029
1967.0,1.03517,0.0180016,1.08475,0.0210176
1951.0,1.2691,0.0169864,1.12004,0.0159986
1997.0,0.832047,0.0180001,1.028,3.5388
1976.0,0.542064,0.0200012,0.574065,0.0220029
1950.0,0.908999,0.0210018,0.967997,0.0210018
1951.0,1.021,0.0200043,0.881996,0.0160034
1995.0,1.56711,0.0200002,1.316,0.0210009
2061.0,1.034,0.0210001,1.054,0.0219994
2039.0,0.976377,0.0179982,1.302,4.102
2028.0,0.786001,0.0210006,0.722997,0.0209999
2025.0,0.641997,0.0190008,0.581999,0.0150027
2029.0,1.00905,0.0220022,1.2,2.99
2106.0,0.981056,0.0229983,1.31,0.663001
2123.0,0.837,0.023999,0.854,0.0220006
2090.0,0.898073,0.0230029,0.792998,0.0239997
2074.0,0.807906,0.0230036,0.900998,0.199
2037.0,0.92001,0.0169985,1.331,0.858001
2049.0,0.909076,0.020998,0.951999,0.0209985
2054.0,1.1428,0.0230072,1.5522,5.159
2114.0,0.937001,0.0219946,1.096,0.299999
2100.0,1.11,0.0240014,0.954,0.016
2115.0,0.664156,0.0230005,0.644998,0.084008
2133.0,0.862329,0.0250008,0.872007,0.0279975
2160.0,1.393,0.0230002,1.226,0.0400002
2196.0,1.65606,0.0210032,1.474,0.0250051
2214.0,1.619,0.0249989,1.60504,0.0219977
2259.0,0.851,0.0259998,0.845999,0.0260003
2247.0,0.744064,0.0200005,0.644997,0.0229986
2207.0,1.129,0.0210011,0.992002,0.0230026
2223.0,0.954077,0.0260036,0.949,0.0259969
805.0,0.227997,0.00500059,0.221997,0.006006
857.0,0.180001,0.00599957,0.174,0.00900197
904.0,0.275002,0.0099957,0.288001,0.00700259
943.0,0.203761,0.00699782,0.373002,1.61
947.0,0.245999,0.00699973,0.451996,0.401001
987.0,0.279999,0.00500321,0.283998,0.0380025
1020.0,0.320039,0.00698733,0.425999,0.167006
1059.0,0.253998,0.00800109,0.226998,0.00800085
1137.0,0.170004,0.00800204,0.189001,0.0249999
1138.0,0.346001,0.0160017,0.354996,0.00900674
1178.0,0.228999,0.00999832,0.305013,0.117001
1195.0,0.310061,0.00900221,0.288,0.0130036
1189.0,0.320002,0.00899935,0.582001,3.309
1243.0,0.302999,0.0100017,0.426001,0.195
1261.0,0.382998,0.0090003,0.498998,0.244998
1279.0,0.257002,0.00999832,0.247002,0.0120013
1293.0,0.216998,0.0110016,0.223004,0.0109985
1277.0,0.295029,0.0109968,0.388,0.104001
1308.0,0.316002,0.010999,0.618997,3.63801
1298.0,0.393995,0.0100024,0.412997,0.0110044
1334.0,0.462054,0.0110002,0.621996,0.373002
1375.0,0.328,0.0110004,0.347002,0.00999784
1386.0,0.297,0.0120001,0.481001,1.815
1365.0,0.346001,0.0120027,0.499002,1.57
1391.0,0.458346,0.00900269,0.585999,0.324001
1412.0,0.421996,0.0109999,0.430002,0.0119984
1501.0,0.447019,0.0120003,0.519998,0.180002
1568.0,0.286001,0.0139999,0.269,0.0150032
1574.0,0.387002,0.014998,0.364002,0.0150018
1566.0,0.442004,0.0140002,0.585001,0.28
1600.0,0.333997,0.014004,0.536001,2.292
1562.0,0.410001,0.0149984,0.389002,0.0459988
1582.0,0.441,0.012001,0.407,0.0150003
1586.0,0.427458,0.0150015,0.407008,0.0159948
1568.0,0.290997,0.0140007,0.508999,2.312
1485.0,0.328053,0.0129983,0.334,0.0130041
1432.0,0.443999,0.0110016,0.506996,0.0570014
1457.0,0.471495,0.0100019,0.661999,2.747
1455.0,0.427218,0.0110023,0.456,0.0130012
1434.0,0.34,0.0249996,0.343002,0.0130007
1490.0,0.40205,0.0130007,0.684001,3.68931
1485.0,0.567003,0.0129983,0.901002,5.136
1493.0,0.385997,0.0120018,0.399999,0.0140011
1523.0,0.670392,0.0139983,0.669995,0.0120046
1627.0,0.506999,0.0140014,0.492996,0.0150042
1677.0,0.619999,0.0160046,0.727998,1.705
1707.0,0.596998,0.0160058,0.701,0.172999
1708.0,0.496047,0.0130014,0.507,0.0879991
1723.0,0.656001,0.0119987,0.689001,0.154
1752.0,0.649047,0.012002,1.032,5.993
1778.0,0.794997,0.0180047,1.123,5.476
1807.0,0.445053,0.0110023,0.578001,1.5
1814.0,0.528001,0.0140004,0.475003,0.0199993
1777.0,0.757056,0.0179982,0.671998,0.0130014
1762.0,0.670995,0.0180027,0.786001,0.255002
1702.0,0.710884,0.0179977,0.647999,0.0180023
1702.0,0.775997,0.0160031,0.678997,0.0160005
1692.0,0.957,0.0160031,1.088,3.061
1716.0,0.428998,0.0150023,0.394001,0.0160024
1661.0,0.489916,0.0169992,0.619998,0.178998
1654.0,0.594877,0.0130012,0.561002,0.0169995
1684.0,0.838062,0.0109959,1.051,3.925
1688.0,0.696999,0.0170031,1.064,4.569
1709.0,0.737054,0.0169969,0.752999,0.0170026
1712.0,0.623002,0.0180032,0.606001,0.0180004
1714.0,1.083,0.0170016,0.925998,0.0170009
1737.0,0.470002,0.0159993,0.456,0.0159998
1723.0,0.844052,0.0159991,0.729003,0.0120049
1761.0,0.769042,0.0170035,0.792004,0.0190041
1756.0,0.605049,0.0170004,0.877001,2.656
1796.0,0.512872,0.0170012,0.704004,0.257995
1782.0,0.518003,0.0159986,0.534998,0.0200005
1764.0,0.799001,0.0170579,0.929001,0.239001
1796.0,0.745062,0.016001,0.796002,0.0190039
1829.0,0.815004,0.0179939,0.834529,0.0189989
1836.0,0.490002,0.0189989,0.488,0.0150011
1830.0,0.610995,0.0200038,0.626002,0.0189972
1834.0,0.832997,0.0180023,1.055,3.59154
1865.0,0.584,0.0120022,0.727997,0.133998
1875.0,0.645999,0.026,0.683994,0.0200078
1909.0,0.82391,0.0210006,1.333,6.251
1911.0,0.796067,0.0189979,0.728996,0.0150054
1875.0,0.687313,0.0180004,0.607998,0.0190017
1819.0,0.636235,0.0189991,0.557997,0.0140026
1784.0,0.787996,0.0180016,0.778002,0.0120029
1843.0,0.838995,0.0150013,1.12,5.111
1853.0,1.117,0.0170023,1.00302,0.0199823
1916.0,0.551167,0.0190008,0.554996,0.0160036
1915.0,0.915066,0.020997,0.920999,0.0149989
1965.0,1.46609,0.0210021,2.134,9.473
2005.0,0.928046,0.0209985,1.241,5.087
2003.0,1.2392,0.0220017,1.026,0.0229998
2069.0,1.01705,0.0219989,1.206,4.751
2095.0,1.18693,0.0190024,1.07601,0.0239942
2104.0,0.883064,0.022002,0.778998,0.0220013
2106.0,0.833049,0.0250018,0.879,0.0620008
2052.0,1.22402,0.020999,1.444,0.759001
2113.0,1.19605,0.0520036,1.29299,0.156002
2135.0,1.45927,0.0239999,1.747,5.944
2116.0,0.785998,0.0240028,0.822002,0.0169995
2118.0,0.666999,0.0210016,0.619998,0.0290029
2097.0,1.05001,0.024004,1.131,0.0970016
2109.0,1.10651,0.0240018,0.969001,0.0159981
2133.0,1.45824,0.0230043,1.822,5.09
2177.0,1.17809,0.0260036,1.189,0.0180016
2215.0,1.25308,0.0210476,1.343,3.244
2191.0,0.920349,0.0240002,1.025,0.427003
2177.0,0.644065,0.0250032,0.869002,2.481
2165.0,1.061,0.0250008,1.46799,3.685
2213.0,1.17013,0.0260012,1.084,0.052002
2258.0,0.958972,0.0280032,0.952999,0.0270011
2255.0,1.02901,0.0259893,0.908999,0.0270026
2242.0,1.0961,0.0280001,1.476,7.379
2213.0,1.39727,0.0260019,1.151,0.0260019
2213.0,1.06154,0.0259991,1.212,1.63601
2214.0,1.22807,0.0239995,1.752,6.085
2263.0,1.011,0.0270033,1.004,0.0249996
2267.0,1.253,0.0269992,1.042,0.0239978
2274.0,0.966002,0.0450025,0.672993,0.0190027
2264.0,1.254,0.0290034,1.279,4.33222
2312.0,1.827,0.0309999,1.481,1.925
2329.0,2.277,0.0290005,1.538,0.0460024
2367.0,1.892,0.0320003,2.18599,5.859
2403.0,1.115,0.0250001,1.026,0.0270007
2410.0,0.771002,0.0319993,0.768999,0.0279992
2370.0,1.229,0.0260005,1.075,0.0299995
2378.0,1.278,0.029999,1.069,0.0229969
896.0,0.203996,0.00600004,0.420997,2.606
941.0,0.289005,0.00699878,0.316997,0.00900245
982.0,0.212998,0.00700188,0.196998,0.00800133
1006.0,0.274999,0.008003,0.276998,0.00799918
1032.0,0.293,0.0079987,0.268,0.00800323
1075.0,0.374001,0.006001,0.566996,2.546
1124.0,0.263996,0.00900435,0.253998,0.00800276
1172.0,0.194998,0.00800037,0.177,0.00799847
1206.0,0.400999,0.0100029,0.360999,0.00900006
1256.0,0.245997,0.0100019,0.239001,0.00999808
1262.0,0.326,0.0109971,0.307001,0.00899959
1273.0,0.368999,0.0120029,0.563,2.509
1301.0,0.316998,0.0100024,0.322997,0.0110009
1341.0,0.373997,0.00800109,0.492011,0.213002
1352.0,0.272004,0.0119967,0.273997,0.013
1388.0,0.223997,0.0120006,0.372999,1.0
1374.0,0.334023,0.0119982,0.326999,0.0110002
1376.0,0.369001,0.00900269,0.337997,0.0110011
1408.0,0.49406,0.012006,0.498002,0.0770009
1406.0,0.496001,0.0130031,0.435,0.00900078
1450.0,0.356005,0.0139971,0.366,0.014004
1488.0,0.366999,0.0130038,0.344996,0.0130033
1476.0,0.387033,0.0120001,0.594996,1.98701
1488.0,0.452003,0.0130024,0.450002,0.00900006
1515.0,0.454014,0.0130038,0.509999,0.0760021
1561.0,0.481,0.0140028,0.444997,0.0170014
1651.0,0.311999,0.0260031,0.314,0.016
1649.0,0.4431,0.0159993,0.387999,0.0150008
1687.0,0.525001,0.0159955,0.495001,0.0150065
1725.0,0.378,0.0130017,0.354,0.0119989
1671.0,0.457856,0.0130057,0.406,0.0140011
1673.0,0.485011,0.0170038,0.494999,0.0740018
1692.0,0.46402,0.0160041,0.596996,1.458
1687.0,0.36047,0.017005,0.325998,0.0180016
1638.0,0.426997,0.0170019,0.498998,0.989003
1578.0,0.585999,0.0160015,0.505997,0.0140011
1543.0,0.518997,0.0139983,0.462,0.0120034
1575.0,0.482998,0.0139999,0.475998,0.0150037
1598.0,0.386998,0.0100007,0.372002,0.0149987
1562.0,0.382999,0.0140009,0.390001,0.013001
1588.0,0.562997,0.0140007,1.14003,7.26762
1612.0,0.492996,0.0160043,0.471993,0.0149984
1615.0,0.729,0.0150011,0.818996,0.141999
1700.0,0.582004,0.00999641,0.804,2.848
1751.0,0.627997,0.0170002,0.644998,0.129002
1819.0,0.632001,0.0140126,0.564999,0.0130026
1826.0,0.543999,0.0189972,0.686,0.226999
1843.0,0.668002,0.0190015,0.997,3.832
1858.0,0.688301,0.0199959,0.626,0.0180013
1866.0,0.758817,0.015003,0.737999,0.0170031
1917.0,0.444998,0.0200047,0.467002,0.0219972
1913.0,0.547997,0.0210013,0.528001,0.020999
1929.0,0.754999,0.0209999,1.197,5.695
1868.0,0.765012,0.0200026,0.754996,0.0210028
1854.0,0.671998,0.0190001,0.690997,0.0200014
1819.0,0.698002,0.0180001,1.227,6.818
1822.0,0.910002,0.0199978,1.478,7.836
1837.0,0.414998,0.0190029,0.455001,0.018997
1786.0,0.574039,0.019001,0.574,0.0350006
1787.0,0.668,0.0169985,0.866998,3.018
1774.0,0.785015,0.0179985,0.989998,2.752
1803.0,0.77,0.0189993,1.104,4.513
1802.0,0.768,0.0190003,0.764996,0.0179999
1814.0,0.725797,0.018002,1.024,5.074
1830.0,1.043,0.031003,1.609,5.808
1856.0,0.586002,0.0200014,0.618999,0.166003
1855.0,0.840003,0.0199986,1.252,4.469
1847.0,0.870006,0.0209987,0.880996,0.0200028
1870.0,0.677998,0.0189981,0.702,0.0190001
1885.0,0.603,0.0170026,0.536,0.0200012
1889.0,0.565999,0.0170009,0.758002,2.014
1887.0,0.882003,0.0439963,0.900007,0.020997
1915.0,0.859997,0.0200005,1.212,4.566
1948.0,0.914532,0.020997,1.341,5.34301
1962.0,0.594997,0.0210025,0.712998,1.667
1921.0,0.745998,0.0220022,0.626,0.02
1951.0,0.962999,0.021003,1.059,0.446001
1985.0,0.713997,0.0220144,0.903002,2.303
2003.0,0.749052,0.0220003,0.755998,0.0280054
2002.0,0.913999,0.021997,0.908,0.0420032
2022.0,0.798999,0.0230017,0.775998,0.0209997
2037.0,0.697009,0.024004,0.680001,0.022999
1981.0,0.666003,0.0229962,0.892001,3.70906
1925.0,0.876998,0.0429966,0.852,0.0210028
1928.0,0.913002,0.0199978,0.776,0.0170026
1966.0,1.064,0.0219989,1.039,0.0209997
2045.0,0.644,0.0210004,0.613,0.0200005
2033.0,1.15493,0.0320032,1.021,0.0179975
2073.0,1.986,0.0240018,2.357,11.139
2136.0,0.927523,0.0250039,1.041,0.704998
2121.0,1.314,0.025001,1.143,0.0259981
2166.0,1.058,0.0210009,0.943,0.0260024
2180.0,1.25401,0.0250003,1.106,0.025002
2246.0,0.948998,0.0270026,1.164,0.668
2214.0,1.014,0.0210023,0.934999,0.0270009
2212.0,1.148,0.0270026,1.517,3.611
2208.0,1.45001,0.0269964,1.222,0.0220006
2266.0,1.352,0.0570006,1.446,0.229002
2282.0,0.872547,0.0280023,1.068,1.386
2232.0,0.734001,0.0280006,0.767992,0.038002
2235.0,1.159,0.0240004,1.605,5.788
2240.0,1.307,0.0280011,1.14,0.0439994
2276.0,1.89653,0.0200038,1.583,0.0260015
2302.0,1.488,0.0269997,1.686,4.837
2318.0,1.309,0.0190017,1.161,0.0270011
2350.0,0.910994,0.0290008,1.053,1.658
2323.0,0.784002,0.0279999,0.874,1.608
2308.0,1.223,0.0290051,1.378,0.344002
2338.0,1.08398,0.0280013,1.314,2.505
2359.0,0.986018,0.0249982,1.016,0.0239971
2379.0,0.969525,0.0300021,0.975,0.0300016
2395.0,1.17551,0.0250015,1.248,2.294
2351.0,1.224,0.030998,1.828,6.994
2364.0,1.35653,0.0300026,1.49,2.626
2356.0,1.57401,0.0280049,1.419,0.0310001
2413.0,1.07495,0.0290012,1.089,0.0239985
2409.0,1.11445,0.0299995,1.101,0.029001
2431.0,0.862791,0.0310023,0.771002,0.0300007
2412.0,1.13216,0.0330009,1.097,0.191001
2431.0,1.56208,0.0309994,1.325,0.0329998
2473.0,1.852,0.0300009,2.336,9.409
2492.0,1.798,0.0220013,2.514,8.925
2542.0,1.07401,0.0330005,1.462,4.465
2539.0,0.898003,0.0349982,0.841996,0.0350003
2517.0,1.21198,0.0350013,1.21001,0.0290029
2532.0,1.17893,0.0339978,1.155,0.0240018
978.0,0.331017,0.00600123,0.411,0.180002
1017.0,0.217002,0.00800204,0.227996,0.00800204
1044.0,0.305996,0.00700116,0.284003,0.00799918
1086.0,0.302,0.00700235,0.303,0.00899744
1119.0,0.342,0.00500202,0.563001,0.352001
1176.0,0.262001,0.00899839,0.285002,0.0100007
1229.0,0.211,0.0100045,0.203,0.00899982
1241.0,0.377001,0.00699782,0.480004,0.116997
1318.0,0.234,0.0110047,0.384003,1.065
1337.0,0.348,0.0130091,0.541005,2.026
1338.0,0.387001,0.0110028,0.360001,0.013998
1379.0,0.37,0.011997,0.327,0.0120001
1396.0,0.41,0.0130041,0.621998,2.429
1428.0,0.299999,0.0130205,0.317997,0.0140016
1458.0,0.269002,0.0139983,0.328998,0.384001
1463.0,0.377025,0.0139952,0.411994,0.0140023
1468.0,0.387002,0.00999808,0.390522,0.0129991
1472.0,0.513,0.0130007,0.571997,0.227001
1506.0,0.467999,0.0110037,0.639,0.251
1520.0,0.405001,0.0139987,0.384999,0.013998
1560.0,0.352,0.0140023,0.361,0.0160019
1576.0,0.413999,0.0150018,0.595998,2.009
1594.0,0.529999,0.0109985,0.678996,2.108
1605.0,0.543002,0.0160027,0.506063,0.0149994
1656.0,0.468998,0.0159981,0.488997,0.0160015
1702.0,0.366001,0.0159981,0.504999,1.48263
1725.0,0.424,0.0129986,0.425999,0.0150039
1759.0,0.584052,0.0180042,0.517047,0.0179977
1837.0,0.449999,0.019002,0.561458,1.273
1796.0,0.472998,0.0189974,0.473997,0.0180025
1776.0,0.518002,0.0180001,0.457999,0.0139997
1777.0,0.489001,0.018003,0.445417,0.0180013
1790.0,0.375222,0.0180006,0.349999,0.019001
1752.0,0.450781,0.0159981,0.639048,2.26719
1723.0,0.542003,0.0129976,0.764114,0.283002
1684.0,0.516001,0.0170047,0.960128,4.4178
1659.0,0.50051,0.015002,0.516001,0.0110009
1712.0,0.417,0.0170026,0.461009,0.0120008
1715.0,0.449,0.0170155,0.536771,1.069
1660.0,0.593996,0.0140016,0.629052,0.0220034
1707.0,0.480918,0.0230024,0.507998,0.0180018
1727.0,0.906001,0.017,1.18394,5.22094
1783.0,0.638,0.0190017,0.782001,2.252
1821.0,0.706998,0.0180001,0.631997,0.0140054
1891.0,0.675869,0.0180018,0.632058,0.0170023
1932.0,0.628999,0.0200038,0.721998,1.476
1951.0,0.704999,0.0219979,1.082,4.174
1970.0,0.749,0.0190015,0.944996,1.85
1966.0,0.767999,0.021003,1.172,4.081
2000.0,0.480003,0.0220041,0.510004,0.0230002
2011.0,0.536,0.0230055,0.571006,0.0239947
2025.0,0.788001,0.0229993,1.11899,3.056
2010.0,0.904999,0.0240018,1.271,6.174
1954.0,0.728999,0.0220015,0.747003,0.0190127
1964.0,0.799999,0.0220044,0.803999,0.0290048
1933.0,0.995004,0.0209978,1.479,6.064
1960.0,0.491997,0.0200038,0.573999,0.151004
1905.0,0.607995,0.0200026,0.609996,0.0249999
1904.0,0.612003,0.0210009,0.675002,0.0209999
1900.0,0.85202,0.0209937,0.889076,0.019989
1884.0,0.964,0.0199995,0.843003,0.0199988
1908.0,0.924997,0.019002,0.782044,0.0210018
1907.0,0.746,0.0209994,0.650996,0.020993
1930.0,1.11,0.0210011,1.08607,0.0210028
1957.0,0.546002,0.0209985,0.569051,0.0210023
1959.0,0.854001,0.0220008,0.918,0.0300028
1973.0,0.98302,0.0200012,0.984,0.0340004
1948.0,0.781538,0.0220003,0.721003,0.0230002
1988.0,0.651001,0.0220001,0.782997,1.937
1977.0,0.642997,0.022006,0.909263,3.19079
1989.0,0.960001,0.0229979,0.975991,0.0240028
2027.0,0.908999,0.0210021,1.245,3.94401
2054.0,0.939211,0.0219994,1.677,6.978
2069.0,0.612002,0.0239995,0.595999,0.0230021
2036.0,0.720004,0.0249977,0.729996,0.023001
2036.0,0.98,0.0229998,0.873999,0.0230019
2093.0,0.825,0.0230024,0.724997,0.0240033
2110.0,0.789997,0.0240047,0.791,0.023999
2117.0,1.022,0.0239968,1.535,9.185
2111.0,0.823001,0.0259995,0.928998,0.022002
2138.0,0.814999,0.0250003,0.759001,0.0220006
2138.0,0.758,0.0239999,0.915006,1.61499
2083.0,0.931995,0.0210028,0.979999,0.0980003
2063.0,0.854528,0.0230017,0.862,0.0230033
2045.0,1.278,0.0230012,1.27499,0.273003
2154.0,0.682,0.0240014,0.856999,2.168
2152.0,1.03401,0.023998,1.045,0.0240009
2185.0,1.887,0.0200031,2.084,4.563
2240.0,1.086,0.0260024,0.985008,0.0259929
2243.0,1.16601,0.0280073,1.23,0.0280011
2273.0,0.98121,0.0269969,1.044,0.0239995
2272.0,1.316,0.0200005,1.173,0.0249984
2324.0,1.00468,0.0280197,1.15,2.555
2348.0,1.068,0.0300002,1.302,0.692996
2315.0,1.186,0.030004,1.394,2.067
2363.0,1.319,0.0290005,1.305,0.0330012
2355.0,1.618,0.0289993,1.457,0.0310016
2401.0,1.011,0.0300031,0.931998,0.027003
2393.0,0.738519,0.0430014,0.973999,2.573
2344.0,1.21601,0.0300012,1.386,1.299
2368.0,1.34,0.0280011,1.184,0.0290015
2392.0,1.992,0.0260017,1.681,0.0270028
2430.0,1.36801,0.0310032,1.373,0.0280013
2423.0,1.22311,0.0319989,1.2,0.0320041
2446.0,1.043,0.0290003,1.18,2.434
2474.0,0.867,0.0269985,0.781999,0.029
2446.0,1.28552,0.0325267,1.666,5.747
2467.0,1.322,0.0290012,1.217,0.0679991
2480.0,1.20476,0.0310023,1.57,6.679
2471.0,1.029,0.0330014,1.241,1.138
2512.0,1.103,0.0340037,1.101,0.0290024
2496.0,1.476,0.0339997,1.461,1.721
2485.0,1.587,0.0280604,1.275,0.0320001
2494.0,1.46505,0.0340018,1.514,0.0240037
2537.0,1.257,0.0250034,1.254,1.632
2549.0,1.38001,0.0320029,1.555,4.293
2564.0,0.925002,0.0349994,0.824003,0.0339952
2549.0,1.25002,0.0340059,1.066,0.0390031
2572.0,1.444,0.0340035,1.869,4.972
2585.0,1.96157,0.0280008,1.74,0.0330012
2626.0,1.90724,0.0370028,2.568,9.06401
2658.0,1.27088,0.0360019,1.134,0.033999
2669.0,0.852196,0.035002,0.910002,0.0380008
2643.0,1.27828,0.0369997,1.922,7.843
2668.0,1.26317,0.0370033,1.289,0.0370035
1048.0,0.230001,0.00900078,0.229002,0.00799608
1076.0,0.296001,0.00900197,0.446001,1.70499
1123.0,0.333999,0.00900054,0.640001,3.933
1169.0,0.420014,0.00900149,0.400003,0.0100012
1218.0,0.305001,0.0100024,0.294001,0.00999689
1275.0,0.224,0.00999999,0.318994,0.137001
1295.0,0.456001,0.0110052,0.410002,0.00900173
1352.0,0.275998,0.0120013,0.380999,0.133004
1396.0,0.394001,0.0130026,0.594001,2.51
1411.0,0.431001,0.0130022,0.534008,1.27099
1443.0,0.403998,0.0120027,0.538001,0.265002
1471.0,0.462001,0.0100029,0.441001,0.0100009
1481.0,0.346997,0.0140085,0.309997,0.0130014
1530.0,0.306002,0.0140011,0.289998,0.0140052
1527.0,0.419,0.0140009,0.387,0.0150008
1551.0,0.438007,0.0100002,0.559,1.615
1553.0,0.571014,0.0100012,0.528005,0.0149956
1566.0,0.513,0.0150003,0.518999,0.0150044
1615.0,0.45,0.0100014,0.439,0.0150008
1624.0,0.421998,0.012001,0.594997,2.092
1644.0,0.421,0.0129983,0.603002,0.231
1689.0,0.568003,0.0170021,0.720001,2.542
1705.0,0.555,0.0170023,0.864998,2.878
1740.0,0.538995,0.0170016,0.533999,0.0159965
1789.0,0.368001,0.018003,0.353,0.0179994
1774.0,0.464003,0.0189941,0.474,0.0150015
1831.0,0.552999,0.0190029,0.553999,0.0190015
1905.0,0.407,0.0200005,0.595,1.305
1902.0,0.545996,0.0180037,0.825997,3.472
1893.0,0.506,0.0170028,0.540001,0.0550036
1879.0,0.532,0.0209999,0.509001,0.0199997
1870.0,0.396999,0.0209992,0.397003,0.0209999
1850.0,0.486,0.0210006,0.476998,0.0219998
1831.0,0.584,0.019001,0.614,0.0199995
1824.0,0.622004,0.0210018,0.866995,3.456
1792.0,0.637923,0.0179987,0.730001,1.829
1792.0,0.452001,0.0199993,0.483001,0.0180004
1820.0,0.539001,0.019999,0.505999,0.0189991
1804.0,0.752012,0.0140002,0.656998,0.0209987
1774.0,0.571021,0.0130014,0.541001,0.0389998
1813.0,0.829228,0.0179994,0.824002,0.0149996
1884.0,0.607,0.0200016,0.756999,1.821
1900.0,0.752999,0.0190001,0.683003,0.0209997
1952.0,0.615001,0.015521,0.646013,0.021986
2000.0,0.609001,0.0230024,0.626997,0.0230029
2048.0,0.761002,0.0239992,0.748998,0.0160017
2073.0,0.818001,0.0240014,0.715998,0.0210013
2074.0,0.965997,0.0210006,0.853005,0.0209982
2098.0,0.566,0.052002,0.551997,0.0360017
2089.0,0.641001,0.0210016,0.610997,0.0800016
2120.0,0.81105,0.016999,0.833,0.0240011
2099.0,0.811996,0.0240018,1.153,4.51201
2087.0,0.794018,0.0559838,1.179,4.54
2056.0,0.981546,0.0240035,0.893998,0.0200019
2066.0,1.09366,0.0250056,1.253,2.353
2056.0,0.582514,0.0210001,0.563003,0.0240009
2021.0,0.655,0.023001,0.659009,0.0239913
2015.0,0.749002,0.0229995,0.730999,0.04
2010.0,0.873998,0.0340002,1.211,0.716997
2002.0,0.864998,0.0229974,0.998001,0.299002
1987.0,0.838998,0.0190017,0.852,0.021004
2009.0,0.784999,0.0240028,1.072,4.169
2021.0,1.205,0.0229976,1.18,0.0239971
2049.0,0.68,0.02,0.839006,1.887
2055.0,0.921997,0.0240014,0.970999,0.023999
2073.0,0.898999,0.0160022,0.936999,0.0170014
2067.0,0.816019,0.0209978,1.081,4.098
2064.0,0.661997,0.0230019,0.649004,0.023999
2078.0,0.658999,0.0169983,0.684996,0.0319979
2069.0,1.031,0.0210044,1.021,0.023998
2115.0,1.01302,0.0250018,0.969998,0.0250032
2160.0,1.05653,0.0180018,1.307,0.49
2167.0,0.595003,0.0219965,0.917003,3.244
2141.0,0.737002,0.0259986,0.747999,0.0260024
2141.0,1.137,0.0240009,0.925996,0.0230012
2170.0,0.857002,0.0249991,1.166,5.59
2211.0,1.008,0.0289979,0.857997,0.0270009
2219.0,1.039,0.0280001,1.189,3.091
2220.0,0.947007,0.0269933,0.879999,0.0280025
2220.0,0.890001,0.0269978,0.996,1.85
2230.0,0.842998,0.0280008,0.742999,0.0280039
2226.0,1.18454,0.0289991,1.413,4.9
2207.0,1.126,0.0269978,0.964999,0.027003
2172.0,1.435,0.0270021,1.2119,0.027
2229.0,0.773997,0.0270009,0.732,0.0250015
2251.0,1.16652,0.0290031,1.535,5.914
2294.0,2.07752,0.0239992,1.914,0.258999
2343.0,1.117,0.0229976,1.005,0.0279977
2338.0,1.263,0.0280023,1.786,6.588
2389.0,1.052,0.0310042,1.068,0.0320027
2374.0,1.39002,0.0260022,1.258,0.0330019
2412.0,1.067,0.0309978,1.00199,0.0310011
2422.0,1.098,0.0290008,1.126,1.474
2444.0,1.26701,0.0260036,1.279,0.0330052
2458.0,1.58026,0.032002,1.38,0.0320015
2497.0,1.75101,0.0280209,2.308,11.113
2483.0,1.003,0.0320017,1.079,0.0340028
2509.0,0.835999,0.0340014,0.896999,0.0870035
2493.0,1.2691,0.0330284,1.507,0.279999
2470.0,1.22779,0.0320034,1.237,0.0320058
2512.0,2.145,0.0339963,1.808,0.0320013
2534.0,1.468,0.034004,1.872,4.687
2546.0,1.28201,0.0330012,1.538,2.764
2547.0,1.002,0.0340006,1.002,0.032001
2563.0,0.850999,0.0360036,0.834001,0.0349998
2592.0,1.55109,0.036,1.492,0.755001
2599.0,1.29424,0.038003,1.32,0.0360053
2600.0,1.37036,0.0360029,1.66999,6.633
2586.0,1.164,0.0350037,1.132,0.0359991
2600.0,1.37101,0.0369995,1.141,0.0370004
2607.0,1.442,0.039001,1.382,0.0350027
2622.0,1.592,0.0360012,1.38,0.0350027
2608.0,1.83411,0.0359945,1.586,0.0370028
2663.0,1.382,0.0279987,1.207,0.0359967
2668.0,1.532,0.037004,1.297,0.0420036
2692.0,0.941003,0.039001,1.009,0.135004
2680.0,1.353,0.0390098,1.148,0.0400078
2702.0,1.76263,0.0370018,2.094,6.529
2714.0,1.84206,0.0400262,1.819,0.0360026
2728.0,2.37652,0.0310009,2.115,0.0400054
2786.0,1.226,0.0410037,1.186,0.0420043
2781.0,1.04401,0.0439963,1.126,0.0560074
2768.0,1.56502,0.042002,1.50599,0.0420029
2783.0,1.386,0.0420005,1.816,5.673
